IP_DRG;IP_Code;IP_Prozent;IP_CodeF;IP_Anzahl;IP_ProzentN;IP_AnzahlN
C03A;51594;0,8313;5-159.4;138;0,14;138
C03A;51443a;0,7771;5-144.3a;129;0,1308;129
C03A;5984;0,759;5-984;126;0,1288;127
C03A;5986x;0,759;5-986.x;126;0,1288;127
C03A;515842;0,4458;5-158.42;74;0,0751;74
C03A;515840;0,3373;5-158.40;56;0,0568;56
C03A;51445a;0,2108;5-144.5a;35;0,0355;35
C03A;12200;0,1988;1-220.0;33;0,0436;43
C03A;51544;0,1807;5-154.4;30;0,0304;30
C03A;51540;0,1506;5-154.0;25;0,0254;25
C03A;51551;0,1446;5-155.1;24;0,0243;24
C03A;51554;0,1446;5-155.4;24;0,0243;24
C03A;513810;0,1386;5-138.10;23;0,0233;23
C03A;5115;0,1205;5-115;20;0,0203;20
C03A;51542;0,1024;5-154.2;17;0,0172;17
C03A;51553;0,0843;5-155.3;14;0,0142;14
C03A;515841;0,0723;5-158.41;12;0,0122;12
C03A;51550;0,0482;5-155.0;8;0,0081;8
C03A;515812;0,0482;5-158.12;8;0,0081;8
C03A;5139x;0,0422;5-139.x;7;0,0071;7
C03A;51569;0,0422;5-156.9;7;0,0071;7
C03A;515845;0,0361;5-158.45;6;0,0061;6
C03A;515813;0,0301;5-158.13;5;0,0051;5
C03B;51445a;0,559;5-144.5a;90;0,1337;90
C03B;51594;0,5404;5-159.4;87;0,1293;87
C03B;515822;0,3975;5-158.22;64;0,0951;64
C03B;12200;0,3913;1-220.0;63;0,0966;65
C03B;51443a;0,3913;5-144.3a;63;0,0936;63
C03B;515820;0,2547;5-158.20;41;0,0609;41
C03B;5984;0,236;5-984;38;0,0579;39
C03B;5986x;0,2298;5-986.x;37;0,0565;38
C03B;515821;0,1242;5-158.21;20;0,0297;20
C03B;51554;0,0994;5-155.4;16;0,0238;16
C03B;5139x;0,0807;5-139.x;13;0,0193;13
C03B;515810;0,0807;5-158.10;13;0,0193;13
C03B;5115;0,0745;5-115;12;0,0178;12
C03B;513810;0,0683;5-138.10;11;0,0163;11
C03B;51540;0,0683;5-154.0;11;0,0163;11
C03B;515812;0,0621;5-158.12;10;0,0149;10
C03B;51551;0,0559;5-155.1;9;0,0134;9
C03B;51553;0,0373;5-155.3;6;0,0089;6
C03B;51569;0,0373;5-156.9;6;0,0089;6
C03B;515811;0,0373;5-158.11;6;0,0089;6
C03B;51550;0,0248;5-155.0;4;0,0059;4
C03C;51594;0,5399;5-159.4;237;0,1303;239
C03C;5984;0,4829;5-984;212;0,1167;214
C03C;5986x;0,4715;5-986.x;207;0,1134;208
C03C;515842;0,4169;5-158.42;183;0,0998;183
C03C;51551;0,2733;5-155.1;120;0,066;121
C03C;515840;0,2711;5-158.40;119;0,0654;120
C03C;51544;0,221;5-154.4;97;0,0529;97
C03C;12200;0,1412;1-220.0;62;0,0403;74
C03C;5139x;0,139;5-139.x;61;0,0333;61
C03C;51540;0,139;5-154.0;61;0,0333;61
C03C;513810;0,1185;5-138.10;52;0,0284;52
C03C;5115;0,1116;5-115;49;0,0267;49
C03C;515841;0,1071;5-158.41;47;0,0256;47
C03C;51542;0,0979;5-154.2;43;0,0234;43
C03C;51553;0,0706;5-155.3;31;0,0169;31
C03C;51554;0,0592;5-155.4;26;0,0142;26
C03C;51421;0,0478;5-142.1;21;0,0115;21
C03C;515843;0,0478;5-158.43;21;0,0115;21
C03C;515845;0,0456;5-158.45;20;0,0109;20
C03C;51569;0,0387;5-156.9;17;0,0098;18
C03C;51550;0,0342;5-155.0;15;0,0082;15
C03C;515812;0,0319;5-158.12;14;0,0076;14
C03C;515813;0,0251;5-158.13;11;0,006;11
C03C;515822;0,0159;5-158.22;7;0,0038;7
C03C;51522;0,0137;5-152.2;6;0,0033;6
C03C;513910;0,0114;5-139.10;5;0,0027;5
C03C;51561;0,0114;5-156.1;5;0,0027;5
C03C;515832;0,0114;5-158.32;5;0,0027;5
C03C;5983;0,0091;5-983;4;0,0022;4
C03D;51594;0,4562;5-159.4;224;0,1656;225
C03D;515822;0,3849;5-158.22;189;0,1391;189
C03D;12200;0,3727;1-220.0;183;0,1383;188
C03D;515810;0,1344;5-158.10;66;0,0493;67
C03D;515820;0,1344;5-158.20;66;0,0486;66
C03D;51569;0,1324;5-156.9;65;0,0493;67
C03D;515821;0,1039;5-158.21;51;0,0375;51
C03D;5984;0,0978;5-984;48;0,0353;48
C03D;5139x;0,0937;5-139.x;46;0,0338;46
C03D;515812;0,0916;5-158.12;45;0,0331;45
C03D;5986x;0,0855;5-986.x;42;0,0309;42
C03D;51540;0,0835;5-154.0;41;0,0302;41
C03D;51554;0,0591;5-155.4;29;0,0213;29
C03D;515811;0,0509;5-158.11;25;0,0184;25
C03D;515816;0,0448;5-158.16;22;0,0169;23
C03D;51542;0,0367;5-154.2;18;0,0132;18
C03D;515815;0,0326;5-158.15;16;0,0118;16
C03D;51551;0,0305;5-155.1;15;0,011;15
C03D;513910;0,0285;5-139.10;14;0,0103;14
C03D;51390;0,0244;5-139.0;12;0,0088;12
C03D;513810;0,0204;5-138.10;10;0,0074;10
C03D;51421;0,0183;5-142.1;9;0,0066;9
C03D;51550;0,0163;5-155.0;8;0,0059;8
C03D;51553;0,0163;5-155.3;8;0,0059;8
C03D;5115;0,0143;5-115;7;0,0052;7
C03D;51330;0,0122;5-133.0;6;0,0044;6
C03D;515826;0,0122;5-158.26;6;0,0044;6
C03D;51471;0,0081;5-147.1;4;0,0029;4
C03D;515823;0,0081;5-158.23;4;0,0029;4
C04B;512510;0,5905;5-125.10;62;0,3333;62
C04B;51250;0,3619;5-125.0;38;0,2043;38
C04B;5124;0,219;5-124;23;0,1237;23
C04B;5984;0,1238;5-984;13;0,0699;13
C04B;5986x;0,1143;5-986.x;12;0,0645;12
C04B;12200;0,0857;1-220.0;9;0,0484;9
C04B;512320;0,0476;5-123.20;5;0,0269;5
C04B;51330;0,0476;5-133.0;5;0,0269;5
C04B;5983;0,0381;5-983;4;0,0215;4
C06Z;513101;0,7596;5-131.01;297;0,29;297
C06Z;12200;0,3529;1-220.0;138;0,168;172
C06Z;51390;0,2941;5-139.0;115;0,1123;115
C06Z;5115;0,2864;5-115;112;0,1094;112
C06Z;51330;0,2532;5-133.0;99;0,0977;100
C06Z;513161;0,1739;5-131.61;68;0,0664;68
C06Z;51333;0,087;5-133.3;34;0,0371;38
C06Z;513100;0,0537;5-131.00;21;0,0205;21
C06Z;8541x;0,0537;8-541.x;21;0,0205;21
C06Z;5984;0,0435;5-984;17;0,0166;17
C06Z;51322x;0,0281;5-132.2x;11;0,0107;11
C06Z;80200;0,0256;8-020.0;10;0,0098;10
C06Z;8901;0,0205;8-901;8;0,0078;8
C06Z;51569;0,0102;5-156.9;4;0,0039;4
C07A;51337;0,8276;5-133.7;72;0,1832;72
C07A;51443a;0,7586;5-144.3a;66;0,1679;66
C07A;5984;0,7471;5-984;65;0,1654;65
C07A;5986x;0,7471;5-986.x;65;0,1654;65
C07A;12200;0,6667;1-220.0;58;0,1959;77
C07A;51445a;0,2414;5-144.5a;21;0,0534;21
C07A;51371;0,1379;5-137.1;12;0,0305;12
C07B;12200;0,6833;1-220.0;82;0,3584;119
C07B;5984;0,375;5-984;45;0,1386;46
C07B;513220;0,3333;5-132.20;40;0,1205;40
C07B;51322x;0,2917;5-132.2x;35;0,1084;36
C07B;51321;0,125;5-132.1;15;0,0452;15
C07B;513140;0,1083;5-131.40;13;0,0512;17
C07B;51333;0,0667;5-133.3;8;0,0241;8
C07B;513912;0,0583;5-139.12;7;0,0211;7
C07B;80200;0,05;8-020.0;6;0,0241;8
C07B;51569;0,05;5-156.9;6;0,0181;6
C07B;51390;0,0417;5-139.0;5;0,0151;5
C07B;513910;0,0333;5-139.10;4;0,012;4
C07B;5986x;0,0333;5-986.x;4;0,012;4
C08B;51443a;0,5145;5-144.3a;355;0,2848;356
C08B;51445a;0,4797;5-144.5a;331;0,2648;331
C08B;12200;0,3478;1-220.0;240;0,1952;244
C08B;5984;0,1928;5-984;133;0,1064;133
C08B;5986x;0,1913;5-986.x;132;0,1056;132
C08B;51569;0,0116;5-156.9;8;0,0064;8
C08B;51390;0,0087;5-139.0;6;0,0048;6
C08B;513910;0,0087;5-139.10;6;0,0048;6
C08B;88542;0,0072;8-854.2;5;0,0056;7
C15Z;51594;0,4933;5-159.4;37;0,1504;37
C15Z;515802;0,2933;5-158.02;22;0,0894;22
C15Z;515800;0,2133;5-158.00;16;0,065;16
C15Z;51551;0,1733;5-155.1;13;0,0528;13
C15Z;12200;0,1333;1-220.0;10;0,0407;10
C15Z;51445a;0,1333;5-144.5a;10;0,0407;10
C15Z;51554;0,1333;5-155.4;10;0,0407;10
C15Z;515900;0,12;5-159.00;9;0,0366;9
C15Z;51540;0,1067;5-154.0;8;0,0325;8
C15Z;51569;0,0933;5-156.9;7;0,0285;7
C15Z;51522;0,08;5-152.2;6;0,0244;6
C15Z;51330;0,0667;5-133.0;5;0,0203;5
C15Z;51550;0,0667;5-155.0;5;0,0203;5
C15Z;515803;0,0667;5-158.03;5;0,0203;5
C15Z;5984;0,0667;5-984;5;0,0203;5
C15Z;5986x;0,0667;5-986.x;5;0,0203;5
C15Z;51443a;0,0533;5-144.3a;4;0,0163;4
C15Z;51520;0,0533;5-152.0;4;0,0163;4
C15Z;51543;0,0533;5-154.3;4;0,0163;4
C15Z;515906;0,0533;5-159.06;4;0,0163;4
C20B;51224;0,2028;5-122.4;29;0,0901;29
C20B;12200;0,1888;1-220.0;27;0,0932;30
C20B;5984;0,1678;5-984;24;0,0745;24
C20B;5986x;0,1189;5-986.x;17;0,0528;17
C20B;51443a;0,0839;5-144.3a;12;0,0373;12
C20B;5115;0,0699;5-115;10;0,0311;10
C20B;5124;0,0699;5-124;10;0,0311;10
C20B;513810;0,0629;5-138.10;9;0,028;9
C20B;5139x;0,0629;5-139.x;9;0,028;9
C20B;512601;0,049;5-126.01;7;0,0217;7
C20B;51445a;0,049;5-144.5a;7;0,0217;7
C20B;51490;0,049;5-149.0;7;0,0217;7
C20B;51221;0,042;5-122.1;6;0,0186;6
C20B;51594;0,042;5-159.4;6;0,0186;6
C20B;51390;0,035;5-139.0;5;0,0186;6
C20B;512321;0,035;5-123.21;5;0,0155;5
C20B;51374;0,035;5-137.4;5;0,0155;5
C20B;513912;0,035;5-139.12;5;0,0155;5
C20B;51471;0,035;5-147.1;5;0,0155;5
C20B;51569;0,028;5-156.9;4;0,0124;4
D06B;52706;0,1458;5-270.6;21;0,0561;21
D06B;5195b2;0,1389;5-195.b2;20;0,0535;20
D06B;52153;0,1319;5-215.3;19;0,0508;19
D06B;522463;0,1181;5-224.63;17;0,0455;17
D06B;51850;0,1042;5-185.0;15;0,0401;15
D06B;593202;0,0903;5-932.02;13;0,0348;13
D06B;8506;0,0903;8-506;13;0,0348;13
D06B;52211;0,0625;5-221.1;9;0,0241;9
D06B;522221;0,0625;5-222.21;9;0,0241;9
D06B;52255;0,0625;5-225.5;9;0,0241;9
D06B;5852g0;0,0625;5-852.g0;9;0,0241;9
D06B;1612;0,0486;1-612;7;0,0642;24
D06B;5195a2;0,0486;5-195.a2;7;0,0187;7
D06B;52005;0,0417;5-200.5;6;0,016;6
D06B;52151;0,0417;5-215.1;6;0,016;6
D06B;523103;0,0417;5-231.03;6;0,016;6
D06B;5195b1;0,0347;5-195.b1;5;0,0134;5
D06B;52705;0,0347;5-270.5;5;0,0134;5
D06B;16110;0,0278;1-611.0;4;0,0321;12
D06B;51852;0,0278;5-185.2;4;0,0107;4
D06B;5195b0;0,0278;5-195.b0;4;0,0107;4
D06B;5195c2;0,0278;5-195.c2;4;0,0107;4
D06B;520370;0,0278;5-203.70;4;0,0107;4
D06B;52146;0,0278;5-214.6;4;0,0107;4
D06B;52216;0,0278;5-221.6;4;0,0107;4
D06B;5984;0,0278;5-984;4;0,0107;4
D06B;892500;0,0278;8-925.00;4;0,0107;4
D06C;52153;0,5151;5-215.3;889;0,1419;889
D06C;522463;0,4131;5-224.63;713;0,1138;713
D06C;52146;0,3876;5-214.6;669;0,1068;669
D06C;52151;0,1877;5-215.1;324;0,0517;324
D06C;521470;0,1593;5-214.70;275;0,0439;275
D06C;8506;0,1234;8-506;213;0,034;213
D06C;52211;0,1199;5-221.1;207;0,0334;209
D06C;52216;0,1199;5-221.6;207;0,033;207
D06C;522221;0,1165;5-222.21;201;0,0321;201
D06C;52154;0,0962;5-215.4;166;0,0267;167
D06C;1612;0,084;1-612;145;0,0884;554
D06C;52220;0,0747;5-222.0;129;0,0206;129
D06C;16110;0,0718;1-611.0;124;0,0857;537
D06C;5984;0,0695;5-984;120;0,0196;123
D06C;52243;0,0649;5-224.3;112;0,0179;112
D06C;52244;0,051;5-224.4;88;0,014;88
D06C;521501;0,0406;5-215.01;70;0,0112;70
D06C;522220;0,0359;5-222.20;62;0,0101;63
D06C;52241;0,0272;5-224.1;47;0,0075;47
D06C;521500;0,0243;5-215.00;42;0,0067;42
D06C;5983;0,0197;5-983;34;0,0054;34
D06C;52235;0,0191;5-223.5;33;0,0053;33
D06C;52145;0,0151;5-214.5;26;0,0041;26
D06C;52210;0,0151;5-221.0;26;0,0041;26
D06C;5195b0;0,0145;5-195.b0;25;0,004;25
D06C;59856;0,0145;5-985.6;25;0,004;25
D06C;52144;0,0133;5-214.4;23;0,0037;23
D06C;52214;0,0133;5-221.4;23;0,0037;23
D06C;52042;0,011;5-204.2;19;0,003;19
D06C;52140;0,0104;5-214.0;18;0,0029;18
D06C;52240;0,0104;5-224.0;18;0,0029;18
D06C;16990;0,0093;1-699.0;16;0,0026;16
D06C;52143;0,0093;5-214.3;16;0,0026;16
D06C;52224;0,0093;5-222.4;16;0,0026;16
D06C;8500;0,0093;8-500;16;0,0026;16
D06C;5229;0,0087;5-229;15;0,0024;15
D06C;5195a0;0,0081;5-195.a0;14;0,0022;14
D06C;52155;0,0081;5-215.5;14;0,0022;14
D06C;5195b1;0,0075;5-195.b1;13;0,0021;13
D06C;5215x;0,0075;5-215.x;13;0,0021;13
D06C;52005;0,007;5-200.5;12;0,0019;12
D06C;5852g0;0,007;5-852.g0;12;0,0019;12
D06C;526241;0,0064;5-262.41;11;0,0018;11
D06C;8930;0,0058;8-930;10;0,0016;10
D06C;526240;0,0052;5-262.40;9;0,0014;9
D06C;521502;0,0046;5-215.02;8;0,0013;8
D06C;52217;0,0041;5-221.7;7;0,0013;8
D06C;522462;0,0041;5-224.62;7;0,0011;7
D06C;5195a1;0,0035;5-195.a1;6;0,001;6
D06C;52101;0,0035;5-210.1;6;0,001;6
D06C;52246x;0,0035;5-224.6x;6;0,001;6
D06C;52850;0,0035;5-285.0;6;0,001;6
D06C;52081;0,0029;5-208.1;5;0,0008;5
D06C;52242;0,0029;5-224.2;5;0,0008;5
D06C;52810;0,0023;5-281.0;4;0,0008;5
D06C;52004;0,0023;5-200.4;4;0,0006;4
D06C;52122;0,0023;5-212.2;4;0,0006;4
D06C;52152;0,0023;5-215.2;4;0,0006;4
D06C;521810;0,0023;5-218.10;4;0,0006;4
D06C;52254;0,0023;5-225.4;4;0,0006;4
D06C;593001;0,0023;5-930.01;4;0,0006;4
D12B;52810;0,4263;5-281.0;133;0,1667;133
D12B;52944;0,2276;5-294.4;71;0,089;71
D12B;5292x;0,2212;5-292.x;69;0,0865;69
D12B;52146;0,1763;5-214.6;55;0,0702;56
D12B;52153;0,1378;5-215.3;43;0,0539;43
D12B;52920;0,109;5-292.0;34;0,0439;35
D12B;16102;0,1026;1-610.2;32;0,0401;32
D12B;16301;0,0994;1-630.1;31;0,0388;31
D12B;52758;0,0994;5-275.8;31;0,0388;31
D12B;52151;0,0609;5-215.1;19;0,0238;19
D12B;52161;0,0577;5-216.1;18;0,0226;18
D12B;52923x;0,0481;5-292.3x;15;0,0188;15
D12B;53002;0,0481;5-300.2;15;0,0188;15
D12B;52759;0,0449;5-275.9;14;0,0175;14
D12B;52911;0,0417;5-291.1;13;0,0163;13
D12B;8930;0,0321;8-930;10;0,0125;10
D12B;52712;0,0288;5-271.2;9;0,0113;9
D12B;50560;0,0256;5-056.0;8;0,01;8
D12B;52820;0,0256;5-282.0;8;0,01;8
D12B;521470;0,0224;5-214.70;7;0,0088;7
D12B;521500;0,0224;5-215.00;7;0,0088;7
D12B;52154;0,0224;5-215.4;7;0,0088;7
D12B;50651;0,0192;5-065.1;6;0,0075;6
D12B;52725;0,0192;5-272.5;6;0,0075;6
D12B;52812;0,0192;5-281.2;6;0,0075;6
D12B;5293x;0,0192;5-293.x;6;0,0075;6
D12B;50650;0,016;5-065.0;5;0,0063;5
D12B;52155;0,016;5-215.5;5;0,0063;5
D12B;5215x;0,016;5-215.x;5;0,0063;5
D12B;5984;0,016;5-984;5;0,0063;5
D12B;8506;0,016;8-506;5;0,0063;5
D12B;57793;0,0128;5-779.3;4;0,0063;5
D12B;50653;0,0128;5-065.3;4;0,005;4
D12B;52104;0,0128;5-210.4;4;0,005;4
D12B;540100;0,0128;5-401.00;4;0,005;4
D12B;5983;0,0128;5-983;4;0,005;4
D22B;52303;0,2813;5-230.3;27;0,1038;27
D22B;52410;0,2604;5-241.0;25;0,1;26
D22B;52494;0,2083;5-249.4;20;0,0808;21
D22B;52413;0,1354;5-241.3;13;0,05;13
D22B;59323;0,1354;5-932.3;13;0,05;13
D22B;52790;0,0938;5-279.0;9;0,0385;10
D22B;52433;0,0938;5-243.3;9;0,0346;9
D22B;52434;0,0938;5-243.4;9;0,0346;9
D22B;8930;0,0938;8-930;9;0,0346;9
D22B;523103;0,0833;5-231.03;8;0,0308;8
D22B;52300;0,0729;5-230.0;7;0,0269;7
D22B;523100;0,0729;5-231.00;7;0,0269;7
D22B;523102;0,0625;5-231.02;6;0,0231;6
D22B;523153;0,0521;5-231.53;5;0,0231;6
D22B;523101;0,0521;5-231.01;5;0,0192;5
D22B;523123;0,0521;5-231.23;5;0,0192;5
D22B;52502;0,0521;5-250.2;5;0,0192;5
D22B;523120;0,0417;5-231.20;4;0,0154;4
D22B;52435;0,0417;5-243.5;4;0,0154;4
D22B;524400;0,0417;5-244.00;4;0,0154;4
D28Z;57764;0,6087;5-776.4;70;0,2509;70
D28Z;57692;0,2696;5-769.2;31;0,1111;31
D28Z;577730;0,2;5-777.30;23;0,0824;23
D28Z;57763;0,1826;5-776.3;21;0,0753;21
D28Z;8930;0,1826;8-930;21;0,0753;21
D28Z;50570;0,113;5-057.0;13;0,0466;13
D28Z;50560;0,1043;5-056.0;12;0,043;12
D28Z;524400;0,0696;5-244.00;8;0,0287;8
D28Z;52493;0,0435;5-249.3;5;0,0179;5
D28Z;57765;0,0435;5-776.5;5;0,0179;5
D28Z;57833;0,0435;5-783.3;5;0,0179;5
D28Z;577741;0,0348;5-777.41;4;0,0143;4
D28Z;57862;0,0348;5-786.2;4;0,0143;4
D30A;51850;0,3173;5-185.0;66;0,15;66
D30A;51972;0,1587;5-197.2;33;0,075;33
D30A;51940;0,1106;5-194.0;23;0,0523;23
D30A;52042;0,0962;5-204.2;20;0,0455;20
D30A;5852g0;0,0913;5-852.g0;19;0,0432;19
D30A;51941;0,0865;5-194.1;18;0,0409;18
D30A;519590;0,0865;5-195.90;18;0,0409;18
D30A;51982;0,0865;5-198.2;18;0,0409;18
D30A;5984;0,0865;5-984;18;0,0409;18
D30A;519591;0,0625;5-195.91;13;0,0295;13
D30A;5195b0;0,0529;5-195.b0;11;0,025;11
D30A;52810;0,0433;5-281.0;9;0,0205;9
D30A;590334;0,0433;5-903.34;9;0,0205;9
D30A;51852;0,0385;5-185.2;8;0,0182;8
D30A;52005;0,0385;5-200.5;8;0,0182;8
D30A;593001;0,0385;5-930.01;8;0,0182;8
D30A;51842;0,0337;5-184.2;7;0,0159;7
D30A;519212;0,0337;5-192.12;7;0,0159;7
D30A;5195a0;0,0337;5-195.a0;7;0,0159;7
D30A;519592;0,0288;5-195.92;6;0,0136;6
D30A;52153;0,0288;5-215.3;6;0,0136;6
D30A;52154;0,0288;5-215.4;6;0,0136;6
D30A;52022;0,024;5-202.2;5;0,0114;5
D30A;52820;0,024;5-282.0;5;0,0114;5
D30A;1611x;0,0192;1-611.x;4;0,0091;4
D30A;5189x;0,0192;5-189.x;4;0,0091;4
D30A;52004;0,0192;5-200.4;4;0,0091;4
D30A;521500;0,0192;5-215.00;4;0,0091;4
D30A;52851;0,0192;5-285.1;4;0,0091;4
D30A;53002;0,0192;5-300.2;4;0,0091;4
D30B;52810;0,5735;5-281.0;1771;0,4508;1774
D30B;52820;0,3245;5-282.0;1002;0,2549;1003
D30B;52005;0,0321;5-200.5;99;0,0252;99
D30B;52004;0,0288;5-200.4;89;0,0226;89
D30B;52811;0,0278;5-281.1;86;0,0219;86
D30B;5282x;0,0207;5-282.x;64;0,0163;64
D30B;16110;0,0204;1-611.0;63;0,0645;254
D30B;53002;0,0194;5-300.2;60;0,0152;60
D30B;52850;0,0178;5-285.0;55;0,014;55
D30B;52840;0,0175;5-284.0;54;0,0137;54
D30B;52812;0,012;5-281.2;37;0,0094;37
D30B;16102;0,0081;1-610.2;25;0,0064;25
D30B;16301;0,0074;1-630.1;23;0,0058;23
D30B;52815;0,0074;5-281.5;23;0,0058;23
D30B;16100;0,0062;1-610.0;19;0,0069;27
D30B;52800;0,0062;5-280.0;19;0,0048;19
D30B;52814;0,0058;5-281.4;18;0,0046;18
D30B;52891;0,0052;5-289.1;16;0,0043;17
D30B;1611x;0,0049;1-611.x;15;0,0038;15
D30B;1612;0,0049;1-612;15;0,0038;15
D30B;59851;0,0049;5-985.1;15;0,0038;15
D30B;521500;0,0045;5-215.00;14;0,0036;14
D30B;52851;0,0042;5-285.1;13;0,0033;13
D30B;5984;0,0039;5-984;12;0,003;12
D30B;53007;0,0036;5-300.7;11;0,003;12
D30B;5201;0,0026;5-201;8;0,002;8
D30B;52151;0,0023;5-215.1;7;0,0018;7
D30B;52154;0,0019;5-215.4;6;0,0015;6
D30B;5281x;0,0019;5-281.x;6;0,0015;6
D30B;528900;0,0019;5-289.00;6;0,0015;6
D30B;59856;0,0019;5-985.6;6;0,0015;6
D30B;521502;0,0016;5-215.02;5;0,0013;5
D30B;52894;0,0016;5-289.4;5;0,0013;5
D30B;59852;0,0016;5-985.2;5;0,0013;5
D30B;8930;0,0016;8-930;5;0,0013;5
D37B;52153;0,7301;5-215.3;165;0,1825;165
D37B;521820;0,4292;5-218.20;97;0,1073;97
D37B;521840;0,2965;5-218.40;67;0,0741;67
D37B;5984;0,2832;5-984;64;0,0708;64
D37B;52216;0,2389;5-221.6;54;0,0597;54
D37B;521470;0,208;5-214.70;47;0,052;47
D37B;522463;0,1991;5-224.63;45;0,0498;45
D37B;5988;0,1814;5-988;41;0,0454;41
D37B;52791;0,177;5-279.1;40;0,0442;40
D37B;52151;0,1726;5-215.1;39;0,0431;39
D37B;521471;0,1195;5-214.71;27;0,0299;27
D37B;5983;0,115;5-983;26;0,0288;26
D37B;52154;0,1106;5-215.4;25;0,0277;25
D37B;52155;0,0841;5-215.5;19;0,021;19
D37B;8500;0,0708;8-500;16;0,0188;17
D37B;8506;0,0575;8-506;13;0,0155;14
D37B;52170;0,0531;5-217.0;12;0,0133;12
D37B;52146;0,0398;5-214.6;9;0,01;9
D37B;521842;0,0398;5-218.42;9;0,01;9
D37B;521821;0,0354;5-218.21;8;0,0088;8
D37B;52211;0,0265;5-221.1;6;0,0066;6
D37B;52220;0,0265;5-222.0;6;0,0066;6
D37B;52944;0,0221;5-294.4;5;0,0055;5
D37B;16990;0,0177;1-699.0;4;0,0044;4
D37B;51890;0,0177;5-189.0;4;0,0044;4
D37B;521812;0,0177;5-218.12;4;0,0044;4
D37B;521841;0,0177;5-218.41;4;0,0044;4
D38Z;52146;0,615;5-214.6;984;0,2317;986
D38Z;52153;0,6113;5-215.3;978;0,2303;980
D38Z;52151;0,2113;5-215.1;338;0,0797;339
D38Z;521470;0,2069;5-214.70;331;0,0778;331
D38Z;52154;0,105;5-215.4;168;0,0395;168
D38Z;8506;0,0881;8-506;141;0,0336;143
D38Z;521500;0,08;5-215.00;128;0,0301;128
D38Z;521810;0,0456;5-218.10;73;0,0172;73
D38Z;16110;0,0438;1-611.0;70;0,075;319
D38Z;1612;0,0438;1-612;70;0,066;281
D38Z;52140;0,0413;5-214.0;66;0,0155;66
D38Z;521501;0,0225;5-215.01;36;0,0085;36
D38Z;52820;0,0213;5-282.0;34;0,008;34
D38Z;52143;0,02;5-214.3;32;0,0075;32
D38Z;52810;0,0194;5-281.0;31;0,0073;31
D38Z;521502;0,0175;5-215.02;28;0,0066;28
D38Z;52152;0,0163;5-215.2;26;0,0061;26
D38Z;5215x;0,0156;5-215.x;25;0,0059;25
D38Z;52170;0,0144;5-217.0;23;0,0054;23
D38Z;52145;0,0125;5-214.5;20;0,0047;20
D38Z;52155;0,0119;5-215.5;19;0,0045;19
D38Z;59856;0,0088;5-985.6;14;0,0033;14
D38Z;52850;0,0081;5-285.0;13;0,0031;13
D38Z;5983;0,0081;5-983;13;0,0031;13
D38Z;52101;0,0056;5-210.1;9;0,0021;9
D38Z;8930;0,0056;8-930;9;0,0021;9
D38Z;52800;0,005;5-280.0;8;0,0019;8
D38Z;52144;0,0044;5-214.4;7;0,0016;7
D38Z;53002;0,0044;5-300.2;7;0,0016;7
D38Z;8500;0,0038;8-500;6;0,0014;6
D38Z;521141;0,0031;5-211.41;5;0,0012;5
D38Z;52160;0,0031;5-216.0;5;0,0012;5
D38Z;52725;0,0031;5-272.5;5;0,0012;5
D38Z;52122;0,0025;5-212.2;4;0,0009;4
D38Z;5984;0,0025;5-984;4;0,0009;4
D40Z;523103;0,3917;5-231.03;47;0,2033;49
D40Z;52303;0,2833;5-230.3;34;0,1411;34
D40Z;59303;0,1333;5-930.3;16;0,0913;22
D40Z;523102;0,1333;5-231.02;16;0,0664;16
D40Z;8930;0,1167;8-930;14;0,0581;14
D40Z;59323;0,1083;5-932.3;13;0,0539;13
D40Z;523101;0,0917;5-231.01;11;0,0456;11
D40Z;52420;0,0917;5-242.0;11;0,0456;11
D40Z;523153;0,0417;5-231.53;5;0,0207;5
D40Z;52703;0,0417;5-270.3;5;0,0207;5
D40Z;8390x;0,0417;8-390.x;5;0,0207;5
D40Z;523123;0,0333;5-231.23;4;0,0166;4
D40Z;523152;0,0333;5-231.52;4;0,0166;4
D40Z;52494;0,0333;5-249.4;4;0,0166;4
D61A;3820;0,1457;3-820;29;0,5472;29
D61A;3200;0,0302;3-200;6;0,1698;9
D61A;1242;0,0201;1-242;4;0,0755;4
D61B;3820;0,0633;3-820;5;0,2778;5
D61B;3200;0,0506;3-200;4;0,2222;4
D62Z;8500;0,0644;8-500;13;0,3611;13
D62Z;3200;0,0396;3-200;8;0,2222;8
D66Z;3221;0,0506;3-221;4;0,2;4
G24B;593200;0,7962;5-932.00;207;0,3842;209
G24B;553030;0,35;5-530.30;91;0,1673;91
G24B;553032;0,3077;5-530.32;80;0,1471;80
G24B;553430;0,1154;5-534.30;30;0,0551;30
G24B;59321;0,0615;5-932.1;16;0,0294;16
G24B;553070;0,0577;5-530.70;15;0,0276;15
G24B;55341;0,0538;5-534.1;14;0,0257;14
G24B;553072;0,05;5-530.72;13;0,0239;13
G24B;593202;0,0346;5-932.02;9;0,0165;9
G24B;553530;0,0308;5-535.30;8;0,0147;8
G24B;553031;0,0231;5-530.31;6;0,011;6
G24B;55301;0,0192;5-530.1;5;0,0092;5
G24B;55361;0,0154;5-536.1;4;0,0074;4
G24B;593201;0,0154;5-932.01;4;0,0074;4
G26Z;549200;0,2255;5-492.00;23;0,1264;23
G26Z;54932;0,2157;5-493.2;22;0,1209;22
G26Z;54936;0,2157;5-493.6;22;0,1209;22
G26Z;54935;0,1765;5-493.5;18;0,0989;18
G26Z;549201;0,1569;5-492.01;16;0,0879;16
G26Z;549112;0,1373;5-491.12;14;0,0769;14
G26Z;549371;0,1176;5-493.71;12;0,0659;12
G26Z;54901;0,0784;5-490.1;8;0,044;8
G26Z;549202;0,0588;5-492.02;6;0,033;6
G26Z;549111;0,049;5-491.11;5;0,0275;5
G26Z;54910;0,0392;5-491.0;4;0,022;4
I09D;583b50;0,7191;5-83b.50;64;0,0836;64
I09D;583b70;0,5618;5-83b.70;50;0,0653;50
I09D;5984;0,5393;5-984;48;0,0653;50
I09D;503200;0,4719;5-032.00;42;0,0561;43
I09D;8930;0,4382;8-930;39;0,0509;39
I09D;583630;0,3483;5-836.30;31;0,0405;31
I09D;583960;0,3258;5-839.60;29;0,0379;29
I09D;58312;0,3146;5-831.2;28;0,0366;28
I09D;58359;0,3034;5-835.9;27;0,0352;27
I09D;58324;0,2472;5-832.4;22;0,0287;22
I09D;583640;0,2472;5-836.40;22;0,0287;22
I09D;583b51;0,2472;5-83b.51;22;0,0287;22
I09D;85611;0,2472;8-561.1;22;0,0287;22
I09D;503201;0,2135;5-032.01;19;0,0248;19
I09D;58310;0,2022;5-831.0;18;0,0235;18
I09D;5835a0;0,191;5-835.a0;17;0,0222;17
I09D;503210;0,1798;5-032.10;16;0,0209;16
I09D;58302;0,1798;5-830.2;16;0,0209;16
I09D;583631;0,1685;5-836.31;15;0,0209;16
I09D;503220;0,1573;5-032.20;14;0,0183;14
I09D;5032x;0,1573;5-032.x;14;0,0183;14
I09D;583961;0,1461;5-839.61;13;0,017;13
I09D;583b71;0,1461;5-83b.71;13;0,017;13
I09D;503202;0,1124;5-032.02;10;0,0131;10
I09D;5989;0,1124;5-989;10;0,0131;10
I09D;503230;0,1011;5-032.30;9;0,0117;9
I09D;503240;0,1011;5-032.40;9;0,0117;9
I09D;503211;0,0899;5-032.11;8;0,0104;8
I09D;583a02;0,0787;5-83a.02;7;0,0091;7
I09D;503231;0,0674;5-032.31;6;0,0078;6
I09D;583962;0,0674;5-839.62;6;0,0078;6
I09D;3203;0,0562;3-203;5;0,0065;5
I09D;503221;0,0562;5-032.21;5;0,0065;5
I09D;583641;0,0562;5-836.41;5;0,0065;5
I09D;583w1;0,0562;5-83w.1;5;0,0065;5
I09D;50330;0,0449;5-033.0;4;0,0052;4
I09D;8800c0;0,0449;8-800.c0;4;0,0052;4
I10D;5984;0,5467;5-984;41;0,1096;41
I10D;583961;0,3867;5-839.61;29;0,0775;29
I10D;503201;0,28;5-032.01;21;0,0561;21
I10D;503211;0,2533;5-032.11;19;0,0508;19
I10D;58302;0,2533;5-830.2;19;0,0508;19
I10D;50330;0,2267;5-033.0;17;0,0455;17
I10D;58312;0,2133;5-831.2;16;0,0428;16
I10D;503200;0,2;5-032.00;15;0,0401;15
I10D;503221;0,1733;5-032.21;13;0,0348;13
I10D;583960;0,1733;5-839.60;13;0,0348;13
I10D;503210;0,16;5-032.10;12;0,0321;12
I10D;58327;0,16;5-832.7;12;0,0321;12
I10D;503220;0,1467;5-032.20;11;0,0294;11
I10D;503231;0,12;5-032.31;9;0,0267;10
I10D;503230;0,12;5-032.30;9;0,0241;9
I10D;5032x;0,12;5-032.x;9;0,0241;9
I10D;58313;0,12;5-831.3;9;0,0241;9
I10D;58324;0,12;5-832.4;9;0,0241;9
I10D;58395;0,1067;5-839.5;8;0,0214;8
I10D;50368;0,0933;5-036.8;7;0,0187;7
I10D;58319;0,08;5-831.9;6;0,016;6
I10D;583a01;0,08;5-83a.01;6;0,016;6
I10D;503202;0,0667;5-032.02;5;0,0134;5
I10D;583a02;0,0667;5-83a.02;5;0,0134;5
I10D;5989;0,0667;5-989;5;0,0134;5
I10D;5839b0;0,0533;5-839.b0;4;0,0107;4
I10D;85611;0,0533;8-561.1;4;0,0107;4
I10E;58312;0,689;5-831.2;206;0,1443;206
I10E;5984;0,5452;5-984;163;0,1141;163
I10E;503200;0,4716;5-032.00;141;0,0987;141
I10E;503230;0,4013;5-032.30;120;0,0847;121
I10E;503210;0,3913;5-032.10;117;0,0819;117
I10E;583960;0,3311;5-839.60;99;0,0693;99
I10E;583a01;0,291;5-83a.01;87;0,0616;88
I10E;503220;0,2241;5-032.20;67;0,0469;67
I10E;50330;0,1706;5-033.0;51;0,0357;51
I10E;58302;0,1639;5-830.2;49;0,0343;49
I10E;58310;0,1171;5-831.0;35;0,0245;35
I10E;5988;0,097;5-988;29;0,0203;29
I10E;3130;0,0702;3-130;21;0,0147;21
I10E;85611;0,0635;8-561.1;19;0,0133;19
I10E;58319;0,0602;5-831.9;18;0,0126;18
I10E;58324;0,0569;5-832.4;17;0,0119;17
I10E;3241;0,0468;3-241;14;0,0098;14
I10E;58318;0,0435;5-831.8;13;0,0091;13
I10E;5986x;0,0435;5-986.x;13;0,0091;13
I10E;5832x;0,0401;5-832.x;12;0,0084;12
I10E;940122;0,0401;9-401.22;12;0,0084;12
I10E;5032x;0,0368;5-032.x;11;0,0077;11
I10E;58315;0,0334;5-831.5;10;0,007;10
I10E;8910;0,0334;8-910;10;0,007;10
I10E;58316;0,0301;5-831.6;9;0,0063;9
I10E;503201;0,0234;5-032.01;7;0,0049;7
I10E;5989;0,0201;5-989;6;0,0042;6
I10E;58301;0,0167;5-830.1;5;0,0035;5
I10E;940100;0,0167;9-401.00;5;0,0035;5
I10E;3990;0,0134;3-990;4;0,0028;4
I10E;3992;0,0134;3-992;4;0,0028;4
I10E;58317;0,0134;5-831.7;4;0,0028;4
I10E;583a02;0,0134;5-83a.02;4;0,0028;4
I16Z;58143;0,9485;5-814.3;184;0,3802;184
I16Z;16971;0,2113;1-697.1;41;0,0847;41
I16Z;581020;0,1546;5-810.20;30;0,062;30
I16Z;8915;0,1443;8-915;28;0,0579;28
I16Z;8919;0,1443;8-919;28;0,0579;28
I16Z;581000;0,1082;5-810.00;21;0,0434;21
I16Z;5814a;0,0979;5-814.a;19;0,0393;19
I16Z;581120;0,0825;5-811.20;16;0,0331;16
I16Z;578210;0,0619;5-782.10;12;0,0248;12
I16Z;581001;0,0567;5-810.01;11;0,0227;11
I16Z;58147;0,0515;5-814.7;10;0,0207;10
I16Z;581050;0,0464;5-810.50;9;0,0186;9
I16Z;5819x0;0,0464;5-819.x0;9;0,0186;9
I16Z;581090;0,0309;5-810.90;6;0,0124;6
I16Z;581121;0,0309;5-811.21;6;0,0124;6
I16Z;581141;0,0309;5-811.41;6;0,0124;6
I16Z;5819x1;0,0309;5-819.x1;6;0,0124;6
I16Z;8210;0,0309;8-210;6;0,0124;6
I16Z;5814x;0,0258;5-814.x;5;0,0103;5
I16Z;581040;0,0206;5-810.40;4;0,0083;4
I18B;58125;0,6588;5-812.5;139;0,2072;143
I18B;58112h;0,5924;5-811.2h;125;0,1812;125
I18B;5812eh;0,4455;5-812.eh;94;0,1362;94
I18B;58100h;0,346;5-810.0h;73;0,1058;73
I18B;58104h;0,2417;5-810.4h;51;0,0739;51
I18B;5812fh;0,2227;5-812.fh;47;0,0681;47
I18B;58102h;0,1469;5-810.2h;31;0,0449;31
I18B;58126;0,1137;5-812.6;24;0,0348;24
I18B;58120h;0,1043;5-812.0h;22;0,0319;22
I18B;16977;0,09;1-697.7;19;0,0275;19
I18B;58110h;0,0711;5-811.0h;15;0,0217;15
I18B;58111h;0,0616;5-811.1h;13;0,0188;13
I18B;5983;0,0616;5-983;13;0,0188;13
I18B;58109h;0,0379;5-810.9h;8;0,0116;8
I20C;5808a0;0,5679;5-808.a0;46;0,1009;46
I20C;5786k;0,4444;5-786.k;36;0,0789;36
I20C;578840;0,3457;5-788.40;28;0,0614;28
I20C;578856;0,3457;5-788.56;28;0,0614;28
I20C;57860;0,3086;5-786.0;25;0,0548;25
I20C;578800;0,284;5-788.00;23;0,0504;23
I20C;578860;0,2716;5-788.60;22;0,0482;22
I20C;8915;0,1852;8-915;15;0,0329;15
I20C;578851;0,1728;5-788.51;14;0,0307;14
I20C;57864;0,1605;5-786.4;13;0,0307;14
I20C;5808b0;0,1605;5-808.b0;13;0,0285;13
I20C;58005q;0,1481;5-800.5q;12;0,0263;12
I20C;57830;0,1358;5-783.0;11;0,0241;11
I20C;5786e;0,1358;5-786.e;11;0,0241;11
I20C;58540c;0,1235;5-854.0c;10;0,0219;10
I20C;57853v;0,0864;5-785.3v;7;0,0154;7
I20C;58008q;0,0864;5-800.8q;7;0,0154;7
I20C;57840u;0,0741;5-784.0u;6;0,0132;6
I20C;578850;0,0741;5-788.50;6;0,0132;6
I20C;578852;0,0741;5-788.52;6;0,0132;6
I20C;5983;0,0741;5-983;6;0,0132;6
I20C;57853w;0,0617;5-785.3w;5;0,011;5
I20C;578854;0,0617;5-788.54;5;0,011;5
I20C;58006q;0,0617;5-800.6q;5;0,011;5
I20C;58298;0,0617;5-829.8;5;0,011;5
I20C;58511a;0,0617;5-851.1a;5;0,011;5
I20C;578867;0,0494;5-788.67;4;0,0088;4
I20C;58657;0,0494;5-865.7;4;0,0088;4
I20D;57860;0,5233;5-786.0;45;0,0917;50
I20D;578850;0,4884;5-788.50;42;0,0771;42
I20D;578856;0,4186;5-788.56;36;0,0661;36
I20D;58540c;0,3605;5-854.0c;31;0,0569;31
I20D;57861;0,3372;5-786.1;29;0,0569;31
I20D;8915;0,3256;8-915;28;0,0514;28
I20D;578800;0,314;5-788.00;27;0,0495;27
I20D;578852;0,2674;5-788.52;23;0,0422;23
I20D;5808b2;0,2674;5-808.b2;23;0,0422;23
I20D;5786e;0,2558;5-786.e;22;0,0404;22
I20D;578840;0,2558;5-788.40;22;0,0404;22
I20D;578851;0,2209;5-788.51;19;0,0349;19
I20D;578860;0,186;5-788.60;16;0,0294;16
I20D;586950;0,1279;5-869.50;11;0,0202;11
I20D;578853;0,1163;5-788.53;10;0,0183;10
I20D;5808b0;0,1047;5-808.b0;9;0,0165;9
I20D;578841;0,093;5-788.41;8;0,0147;8
I20D;58006q;0,093;5-800.6q;8;0,0147;8
I20D;5786k;0,0814;5-786.k;7;0,0128;7
I20D;578866;0,0814;5-788.66;7;0,0128;7
I20D;57830;0,0698;5-783.0;6;0,011;6
I20D;57840v;0,0698;5-784.0v;6;0,011;6
I20D;586951;0,0698;5-869.51;6;0,011;6
I20D;578861;0,0581;5-788.61;5;0,0092;5
I20D;578867;0,0581;5-788.67;5;0,0092;5
I20D;5808b3;0,0581;5-808.b3;5;0,0092;5
I20D;578842;0,0465;5-788.42;4;0,0073;4
I20D;578855;0,0465;5-788.55;4;0,0073;4
I20D;58511a;0,0465;5-851.1a;4;0,0073;4
I20D;58541c;0,0465;5-854.1c;4;0,0073;4
I20F;8915;0,5467;8-915;41;0,0804;41
I20F;578800;0,44;5-788.00;33;0,0647;33
I20F;57860;0,4267;5-786.0;32;0,0627;32
I20F;57840v;0,4133;5-784.0v;31;0,0608;31
I20F;57830;0,4;5-783.0;30;0,0588;30
I20F;5808b0;0,4;5-808.b0;30;0,0588;30
I20F;5786k;0,3867;5-786.k;29;0,0569;29
I20F;578856;0,3867;5-788.56;29;0,0569;29
I20F;5786e;0,32;5-786.e;24;0,0471;24
I20F;578851;0,28;5-788.51;21;0,0412;21
I20F;578850;0,2533;5-788.50;19;0,0373;19
I20F;578840;0,2267;5-788.40;17;0,0333;17
I20F;58511a;0,1867;5-851.1a;14;0,0275;14
I20F;58004k;0,1333;5-800.4k;10;0,0196;10
I20F;58008k;0,1333;5-800.8k;10;0,0196;10
I20F;58061;0,1333;5-806.1;10;0,0196;10
I20F;58062;0,1333;5-806.2;10;0,0196;10
I20F;58065;0,1333;5-806.5;10;0,0196;10
I20F;58067;0,1333;5-806.7;10;0,0196;10
I20F;57861;0,12;5-786.1;9;0,0176;9
I20F;578860;0,12;5-788.60;9;0,0176;9
I20F;5800ck;0,12;5-800.ck;9;0,0176;9
I20F;578866;0,1067;5-788.66;8;0,0157;8
I20F;58102k;0,08;5-810.2k;6;0,0118;6
I20F;58109k;0,08;5-810.9k;6;0,0118;6
I20F;58112k;0,08;5-811.2k;6;0,0118;6
I20F;58060;0,0667;5-806.0;5;0,0098;5
I20F;578841;0,0533;5-788.41;4;0,0078;4
I20F;5983;0,0533;5-983;4;0,0078;4
I20G;8915;0,5473;8-915;110;0,1227;111
I20G;57860;0,5423;5-786.0;109;0,1204;109
I20G;578850;0,4726;5-788.50;95;0,105;95
I20G;578856;0,4279;5-788.56;86;0,095;86
I20G;578800;0,408;5-788.00;82;0,0906;82
I20G;5786e;0,3582;5-786.e;72;0,0796;72
I20G;578840;0,2935;5-788.40;59;0,0652;59
I20G;578860;0,194;5-788.60;39;0,0431;39
I20G;58511a;0,1244;5-851.1a;25;0,0276;25
I20G;578851;0,0995;5-788.51;20;0,0221;20
I20G;57820t;0,0647;5-782.0t;13;0,0144;13
I20G;57861;0,0647;5-786.1;13;0,0144;13
I20G;5786k;0,0547;5-786.k;11;0,0122;11
I20G;57871v;0,0547;5-787.1v;11;0,0122;11
I20G;58540c;0,0498;5-854.0c;10;0,011;10
I20G;58591a;0,0398;5-859.1a;8;0,0088;8
I20G;578852;0,0348;5-788.52;7;0,0077;7
I20G;5808b2;0,0348;5-808.b2;7;0,0077;7
I20G;58550a;0,0249;5-855.0a;5;0,0055;5
I20G;58592a;0,0249;5-859.2a;5;0,0055;5
I20G;586950;0,0249;5-869.50;5;0,0055;5
I20G;5787ew;0,0199;5-787.ew;4;0,0044;4
I20G;57952v;0,0199;5-795.2v;4;0,0044;4
I20G;5850ca;0,0199;5-850.ca;4;0,0044;4
I24Z;58125;0,8974;5-812.5;70;0,4747;75
I24Z;5812eh;0,359;5-812.eh;28;0,1772;28
I24Z;58100h;0,2821;5-810.0h;22;0,1392;22
I24Z;16977;0,1026;1-697.7;8;0,0506;8
I24Z;58110h;0,0897;5-811.0h;7;0,0443;7
I24Z;58111h;0,0641;5-811.1h;5;0,0316;5
I24Z;58120h;0,0513;5-812.0h;4;0,0253;4
I27D;5787j1;0,1456;5-787.j1;23;0,0503;29
I27D;585519;0,1456;5-855.19;23;0,0399;23
I27D;58143;0,1329;5-814.3;21;0,0364;21
I27D;585088;0,1329;5-850.88;21;0,0364;21
I27D;16971;0,0949;1-697.1;15;0,026;15
I27D;58125;0,0823;5-812.5;13;0,0225;13
I27D;585928;0,0823;5-859.28;13;0,0225;13
I27D;8919;0,0823;8-919;13;0,0225;13
I27D;585029;0,0759;5-850.29;12;0,0208;12
I27D;5850c9;0,0759;5-850.c9;12;0,0208;12
I27D;585911;0,0759;5-859.11;12;0,0208;12
I27D;57820t;0,0696;5-782.0t;11;0,0191;11
I27D;57871h;0,0696;5-787.1h;11;0,0191;11
I27D;5819xx;0,0696;5-819.xx;11;0,0191;11
I27D;585918;0,0696;5-859.18;11;0,0191;11
I27D;5983;0,0696;5-983;11;0,0191;11
I27D;585919;0,0633;5-859.19;10;0,0173;10
I27D;8915;0,0633;8-915;10;0,0173;10
I27D;58070;0,057;5-807.0;9;0,0156;9
I27D;585529;0,057;5-855.29;9;0,0156;9
I27D;15038;0,0506;1-503.8;8;0,0139;8
I27D;57871k;0,0506;5-787.1k;8;0,0139;8
I27D;58112h;0,0506;5-811.2h;8;0,0139;8
I27D;585571;0,0506;5-855.71;8;0,0139;8
I27D;57871g;0,0443;5-787.1g;7;0,0121;7
I27D;57871n;0,0443;5-787.1n;7;0,0121;7
I27D;50568;0,038;5-056.8;6;0,0104;6
I27D;585209;0,038;5-852.09;6;0,0104;6
I27D;585439;0,038;5-854.39;6;0,0104;6
I27D;585559;0,038;5-855.59;6;0,0104;6
I27D;578210;0,0316;5-782.10;5;0,0087;5
I27D;578800;0,0316;5-788.00;5;0,0087;5
I27D;578840;0,0316;5-788.40;5;0,0087;5
I27D;58005q;0,0316;5-800.5q;5;0,0087;5
I27D;58009h;0,0316;5-800.9h;5;0,0087;5
I27D;58100h;0,0316;5-810.0h;5;0,0087;5
I27D;5812eh;0,0316;5-812.eh;5;0,0087;5
I27D;585409;0,0316;5-854.09;5;0,0087;5
I27D;57821t;0,0253;5-782.1t;4;0,0069;4
I27D;57864;0,0253;5-786.4;4;0,0069;4
I27D;578850;0,0253;5-788.50;4;0,0069;4
I27D;58102h;0,0253;5-810.2h;4;0,0069;4
I27D;581120;0,0253;5-811.20;4;0,0069;4
I27D;585229;0,0253;5-852.29;4;0,0069;4
I27D;58941e;0,0253;5-894.1e;4;0,0069;4
I27D;8210;0,0253;8-210;4;0,0069;4
I29B;58143;0,6923;5-814.3;144;0,1782;144
I29B;58144;0,4856;5-814.4;101;0,125;101
I29B;58057;0,3798;5-805.7;79;0,0978;79
I29B;16971;0,3173;1-697.1;66;0,0817;66
I29B;8915;0,3077;8-915;64;0,0792;64
I29B;8919;0,3029;8-919;63;0,078;63
I29B;58056;0,1683;5-805.6;35;0,0433;35
I29B;58141;0,1202;5-814.1;25;0,0309;25
I29B;581120;0,101;5-811.20;21;0,026;21
I29B;5814a;0,0962;5-814.a;20;0,0248;20
I29B;578210;0,0913;5-782.10;19;0,0235;19
I29B;581000;0,0913;5-810.00;19;0,0235;19
I29B;581001;0,0625;5-810.01;13;0,0161;13
I29B;585911;0,0577;5-859.11;12;0,0149;12
I29B;58145;0,0481;5-814.5;10;0,0124;10
I29B;58147;0,0433;5-814.7;9;0,0111;9
I29B;58149;0,0433;5-814.9;9;0,0111;9
I29B;5819x0;0,0433;5-819.x0;9;0,0111;9
I29B;585571;0,0433;5-855.71;9;0,0111;9
I29B;5814x;0,0288;5-814.x;6;0,0074;6
I29B;5805a;0,0192;5-805.a;4;0,005;4
I29B;581910;0,0192;5-819.10;4;0,005;4
I29B;58293;0,0192;5-829.3;4;0,005;4
I29B;585111;0,0192;5-851.11;4;0,005;4
I29B;585421;0,0192;5-854.21;4;0,005;4
I30Z;58134;0,5667;5-813.4;68;0,1525;68
I30Z;58112h;0,5417;5-811.2h;65;0,1457;65
I30Z;5812eh;0,3833;5-812.eh;46;0,1031;46
I30Z;5983;0,2667;5-983;32;0,0717;32
I30Z;58102h;0,1917;5-810.2h;23;0,0516;23
I30Z;58125;0,1583;5-812.5;19;0,0426;19
I30Z;585218;0,1333;5-852.18;16;0,0359;16
I30Z;8915;0,1;8-915;12;0,0269;12
I30Z;58109h;0,0833;5-810.9h;10;0,0224;10
I30Z;581521;0,0667;5-815.21;8;0,0179;8
I30Z;585918;0,0583;5-859.18;7;0,0157;7
I30Z;593000;0,05;5-930.00;6;0,0135;6
I30Z;5786e;0,0417;5-786.e;5;0,0112;5
I30Z;5800ch;0,0417;5-800.ch;5;0,0112;5
I30Z;5812eg;0,0417;5-812.eg;5;0,0112;5
I30Z;57830;0,0333;5-783.0;4;0,009;4
I30Z;57840k;0,0333;5-784.0k;4;0,009;4
I30Z;58024;0,0333;5-802.4;4;0,009;4
I30Z;58028;0,0333;5-802.8;4;0,009;4
I30Z;58042;0,0333;5-804.2;4;0,009;4
I30Z;58100h;0,0333;5-810.0h;4;0,009;4
I30Z;58104h;0,0333;5-810.4h;4;0,009;4
I30Z;58127;0,0333;5-812.7;4;0,009;4
I30Z;5812fh;0,0333;5-812.fh;4;0,009;4
I30Z;58150;0,0333;5-815.0;4;0,009;4
I30Z;58941e;0,0333;5-894.1e;4;0,009;4
I44B;582211;0,6135;5-822.11;373;0,1881;373
I44B;8919;0,3766;8-919;229;0,1155;229
I44B;8915;0,3043;8-915;185;0,0933;185
I44B;58045;0,2319;5-804.5;141;0,0711;141
I44B;5986x;0,2122;5-986.x;129;0,0651;129
I44B;5822a1;0,2056;5-822.a1;125;0,063;125
I44B;940122;0,1612;9-401.22;98;0,0494;98
I44B;58040;0,1414;5-804.0;86;0,0434;86
I44B;58090h;0,102;5-809.0h;62;0,0313;62
I44B;88032;0,0872;8-803.2;53;0,0267;53
I44B;85611;0,0806;8-561.1;49;0,0247;49
I44B;58004h;0,0773;5-800.4h;47;0,0237;47
I44B;83903;0,074;8-390.3;45;0,0227;45
I44B;582221;0,0592;5-822.21;36;0,0182;36
I44B;58005h;0,0543;5-800.5h;33;0,0166;33
I44B;5988;0,0362;5-988;22;0,0111;22
I44B;585918;0,0329;5-859.18;20;0,0101;20
I44B;57840k;0,0296;5-784.0k;18;0,0091;18
I44B;58006h;0,0296;5-800.6h;18;0,0091;18
I44B;8800c0;0,0296;8-800.c0;18;0,0091;18
I44B;8930;0,028;8-930;17;0,0086;17
I44B;57806j;0,0263;5-780.6j;16;0,0081;16
I44B;5822b1;0,0263;5-822.b1;16;0,0081;16
I44B;582212;0,0247;5-822.12;15;0,0076;15
I44B;585638;0,023;5-856.38;14;0,0071;14
I44B;582231;0,0181;5-822.31;11;0,0055;11
I44B;582210;0,0148;5-822.10;9;0,0045;9
I44B;582314;0,0148;5-823.14;9;0,0045;9
I44B;58044;0,0082;5-804.4;5;0,0025;5
I44B;582329;0,0082;5-823.29;5;0,0025;5
I44B;88033;0,0082;8-803.3;5;0,0025;5
I44B;3222;0,0066;3-222;4;0,002;4
I44B;3613;0,0066;3-613;4;0,002;4
I44B;5800ah;0,0066;5-800.ah;4;0,002;4
I44B;8910;0,0066;8-910;4;0,002;4
I44C;582201;0,773;5-822.01;109;0,2329;109
I44C;5986x;0,3121;5-986.x;44;0,094;44
I44C;940122;0,2908;9-401.22;41;0,0876;41
I44C;8915;0,2837;8-915;40;0,0855;40
I44C;8919;0,2482;8-919;35;0,0748;35
I44C;58045;0,1631;5-804.5;23;0,0491;23
I44C;582281;0,1489;5-822.81;21;0,0449;21
I44C;58005h;0,1348;5-800.5h;19;0,0406;19
I44C;58004h;0,1206;5-800.4h;17;0,0363;17
I44C;57806j;0,1135;5-780.6j;16;0,0342;16
I44C;85611;0,078;8-561.1;11;0,0235;11
I44C;83903;0,0709;8-390.3;10;0,0214;10
I44C;57840h;0,0567;5-784.0h;8;0,0171;8
I44C;58006h;0,0567;5-800.6h;8;0,0171;8
I44C;58090h;0,0567;5-809.0h;8;0,0171;8
I44C;58040;0,0496;5-804.0;7;0,015;7
I44C;582327;0,0426;5-823.27;6;0,0128;6
I44C;585918;0,0426;5-859.18;6;0,0128;6
I44C;57840k;0,0355;5-784.0k;5;0,0107;5
I44C;582351;0,0284;5-823.51;4;0,0085;4
I47B;582000;0,7016;5-820.00;261;0,3794;261
I47B;582002;0,1532;5-820.02;57;0,0828;57
I47B;8919;0,1371;8-919;51;0,0741;51
I47B;88032;0,1317;8-803.2;49;0,0712;49
I47B;8915;0,129;8-915;48;0,0698;48
I47B;582001;0,0995;5-820.01;37;0,0538;37
I47B;8800c0;0,0995;8-800.c0;37;0,0538;37
I47B;85611;0,0806;8-561.1;30;0,0436;30
I47B;58005g;0,0457;5-800.5g;17;0,0247;17
I47B;585918;0,0296;5-859.18;11;0,016;11
I47B;8930;0,0296;8-930;11;0,016;11
I47B;582094;0,0269;5-820.94;10;0,0145;10
I47B;88033;0,0242;8-803.3;9;0,0131;9
I47B;58004g;0,0188;5-800.4g;7;0,0102;7
I68D;891402;0,2746;8-914.02;123;0,261;231
I68D;891412;0,2277;8-914.12;102;0,1446;128
I68D;8910;0,1763;8-910;79;0,1209;107
I68D;891713;0,125;8-917.13;56;0,0633;56
I68D;3802;0,0938;3-802;42;0,0475;42
I68D;891400;0,0491;8-914.00;22;0,0362;32
I68D;503200;0,0491;5-032.00;22;0,0249;22
I68D;503820;0,0491;5-038.20;22;0,0249;22
I68D;5986x;0,0491;5-986.x;22;0,0249;22
I68D;5988;0,0491;5-988;22;0,0249;22
I68D;891410;0,0424;8-914.10;19;0,0249;22
I68D;3203;0,0246;3-203;11;0,0316;28
I68D;891401;0,0246;8-914.01;11;0,0124;11
I68D;891411;0,0246;8-914.11;11;0,0124;11
I68D;89140x;0,0223;8-914.0x;10;0,0113;10
I68D;89141x;0,0223;8-914.1x;10;0,0113;10
I68D;8919;0,0201;8-919;9;0,0102;9
I68D;3823;0,0134;3-823;6;0,0068;6
I68D;83102;0,0134;8-310.2;6;0,0068;6
I68D;3990;0,0112;3-990;5;0,0056;5
I68D;583a02;0,0112;5-83a.02;5;0,0056;5
I68D;891703;0,0112;8-917.03;5;0,0056;5
I68D;313d0;0,0089;3-13d.0;4;0,0045;4
I68D;85611;0,0089;8-561.1;4;0,0045;4
I68D;891712;0,0089;8-917.12;4;0,0045;4
J23Z;58721;0,3733;5-872.1;28;0,1591;28
J23Z;37050;0,16;3-705.0;12;0,0682;12
J23Z;540111;0,16;5-401.11;12;0,0682;12
J23Z;37090;0,12;3-709.0;9;0,0511;9
J23Z;540612;0,12;5-406.12;9;0,0511;9
J23Z;540402;0,1067;5-404.02;8;0,0455;8
J23Z;58720;0,0933;5-872.0;7;0,0398;7
J23Z;540212;0,08;5-402.12;6;0,0341;6
J23Z;5870a2;0,08;5-870.a2;6;0,0341;6
J23Z;540702;0,0667;5-407.02;5;0,0284;5
J23Z;53995;0,0533;5-399.5;4;0,0284;5
J23Z;540613;0,0533;5-406.13;4;0,0227;4
J23Z;5870a3;0,0533;5-870.a3;4;0,0227;4
J23Z;58740;0,0533;5-874.0;4;0,0227;4
L06B;559320;0,362;5-593.20;80;0,1493;80
L06B;81323;0,2896;8-132.3;64;0,1231;66
L06B;55704;0,2172;5-570.4;48;0,0933;50
L06B;55731;0,2036;5-573.1;45;0,084;45
L06B;1661;0,1855;1-661;41;0,0765;41
L06B;557340;0,1357;5-573.40;30;0,056;30
L06B;557962;0,1267;5-579.62;28;0,0522;28
L06B;593200;0,0905;5-932.00;20;0,0373;20
L06B;55851;0,0543;5-585.1;12;0,0224;12
L06B;313d0;0,0498;3-13d.0;11;0,0243;13
L06B;59321;0,0498;5-932.1;11;0,0205;11
L06B;8147y;0,0452;8-147.y;10;0,0187;10
L06B;313f;0,0407;3-13f;9;0,0168;9
L06B;593201;0,0317;5-932.01;7;0,0131;7
L06B;570400;0,0271;5-704.00;6;0,0112;6
L06B;570401;0,0271;5-704.01;6;0,0112;6
L06B;5983;0,0271;5-983;6;0,0112;6
L06B;55850;0,0226;5-585.0;5;0,0093;5
L06B;8800c0;0,0226;8-800.c0;5;0,0093;5
L06B;305d;0,0181;3-05d;4;0,0112;6
L06B;13341;0,0181;1-334.1;4;0,0075;4
L06B;557952;0,0181;5-579.52;4;0,0075;4
L06B;81321;0,0181;8-132.1;4;0,0075;4
L06B;85414;0,0181;8-541.4;4;0,0075;4
L17B;55851;0,5032;5-585.1;78;0,2422;78
L17B;1661;0,3677;1-661;57;0,1863;60
L17B;55850;0,329;5-585.0;51;0,1584;51
L17B;55811;0,2065;5-581.1;32;0,0994;32
L17B;55821;0,129;5-582.1;20;0,0621;20
L17B;81323;0,071;8-132.3;11;0,0342;11
L17B;55721;0,0516;5-572.1;8;0,0248;8
L17B;55960x;0,0516;5-596.0x;8;0,0248;8
L17B;55810;0,0387;5-581.0;6;0,0186;6
L17B;813700;0,0387;8-137.00;6;0,0186;6
L17B;55860;0,0323;5-586.0;5;0,0155;5
L20B;557341;0,4596;5-573.41;74;0,1278;74
L20B;81323;0,3789;8-132.3;61;0,1054;61
L20B;55625;0,3043;5-562.5;49;0,0846;49
L20B;81372;0,2547;8-137.2;41;0,0725;42
L20B;1661;0,2174;1-661;35;0,0674;39
L20B;59850;0,1988;5-985.0;32;0,0553;32
L20B;313d5;0,1925;3-13d.5;31;0,0604;35
L20B;813700;0,1925;8-137.00;31;0,0604;35
L20B;85414;0,1429;8-541.4;23;0,0397;23
L20B;557340;0,0807;5-573.40;13;0,0225;13
L20B;813710;0,0807;8-137.10;13;0,0225;13
L20B;55628;0,0683;5-562.8;11;0,0207;12
L20B;55624;0,0683;5-562.4;11;0,019;11
L20B;81320;0,0683;8-132.0;11;0,019;11
L20B;59856;0,0621;5-985.6;10;0,0173;10
L20B;598b;0,0559;5-98b;9;0,0155;9
L20B;313d0;0,0497;3-13d.0;8;0,0173;10
L20B;3207;0,0497;3-207;8;0,0173;10
L20B;55850;0,0497;5-585.0;8;0,0138;8
L20B;55733;0,0373;5-573.3;6;0,0104;6
L20B;5985x;0,0373;5-985.x;6;0,0104;6
L20B;3206;0,0248;3-206;4;0,0086;5
L20B;3990;0,0248;3-990;4;0,0086;5
L20B;3225;0,0248;3-225;4;0,0069;4
L20B;555021;0,0248;5-550.21;4;0,0069;4
L20B;55602;0,0248;5-560.2;4;0,0069;4
L20C;557340;0,7343;5-573.40;702;0,2644;703
L20C;81323;0,6245;8-132.3;597;0,2253;599
L20C;313f;0,1308;3-13f;125;0,0474;126
L20C;1661;0,1151;1-661;110;0,0451;120
L20C;813700;0,1098;8-137.00;105;0,0399;106
L20C;313d5;0,1025;3-13d.5;98;0,0376;100
L20C;55624;0,0973;5-562.4;93;0,035;93
L20C;85414;0,0816;8-541.4;78;0,0293;78
L20C;81372;0,0628;8-137.2;60;0,0226;60
L20C;55700;0,0492;5-570.0;47;0,0177;47
L20C;313d0;0,045;3-13d.0;43;0,0165;44
L20C;55850;0,0418;5-585.0;40;0,015;40
L20C;3207;0,0408;3-207;39;0,0154;41
L20C;813710;0,0345;8-137.10;33;0,0128;34
L20C;55625;0,0303;5-562.5;29;0,0109;29
L20C;3990;0,0272;3-990;26;0,0102;27
L20C;3225;0,0262;3-225;25;0,0094;25
L20C;55733;0,0262;5-573.3;25;0,0094;25
L20C;55851;0,022;5-585.1;21;0,0079;21
L20C;3206;0,0209;3-206;20;0,0079;21
L20C;55602;0,0199;5-560.2;19;0,0075;20
L20C;81322;0,0188;8-132.2;18;0,0068;18
L20C;55732;0,0167;5-573.2;16;0,006;16
L20C;55629;0,0157;5-562.9;15;0,0056;15
L20C;1665;0,0126;1-665;12;0,0045;12
L20C;3992;0,0126;3-992;12;0,0045;12
L20C;555021;0,0126;5-550.21;12;0,0045;12
L20C;55628;0,0126;5-562.8;12;0,0045;12
L20C;8147y;0,0115;8-147.y;11;0,0041;11
L20C;55612;0,0105;5-561.2;10;0,0038;10
L20C;55721;0,0094;5-572.1;9;0,0034;9
L20C;59850;0,0094;5-985.0;9;0,0034;9
L20C;81321;0,0084;8-132.1;8;0,003;8
L20C;14601;0,0073;1-460.1;7;0,0026;7
L20C;3226;0,0073;3-226;7;0,0026;7
L20C;55623;0,0073;5-562.3;7;0,0026;7
L20C;598b;0,0063;5-98b;6;0,0023;6
L20C;14602;0,0052;1-460.2;5;0,0019;5
L20C;3222;0,0052;3-222;5;0,0019;5
L20C;37050;0,0052;3-705.0;5;0,0019;5
L20C;55603x;0,0052;5-560.3x;5;0,0019;5
L20C;55615;0,0052;5-561.5;5;0,0019;5
L20C;55622;0,0052;5-562.2;5;0,0019;5
L20C;5573x;0,0052;5-573.x;5;0,0019;5
L20C;12660;0,0042;1-266.0;4;0,0026;7
L20C;146400;0,0042;1-464.00;4;0,0015;4
L20C;55810;0,0042;5-581.0;4;0,0015;4
L20C;55811;0,0042;5-581.1;4;0,0015;4
L63F;313d0;0,0936;3-13d.0;22;0,2366;22
L63F;81323;0,0809;8-132.3;19;0,2043;19
L63F;3225;0,0298;3-225;7;0,0753;7
L63F;3207;0,0255;3-207;6;0,0645;6
L63F;3990;0,0213;3-990;5;0,0538;5
L63F;81330;0,0213;8-133.0;5;0,0538;5
L64A;1661;0,3029;1-661;116;0,171;118
L64A;813700;0,2898;8-137.00;111;0,1609;111
L64A;313d5;0,201;3-13d.5;77;0,1116;77
L64A;55602;0,1305;5-560.2;50;0,0725;50
L64A;81323;0,1279;8-132.3;49;0,071;49
L64A;813710;0,1279;8-137.10;49;0,071;49
L64A;313d0;0,0888;3-13d.0;34;0,0493;34
L64A;81372;0,0705;8-137.2;27;0,0391;27
L64A;55721;0,0627;5-572.1;24;0,0348;24
L64A;3225;0,0392;3-225;15;0,0217;15
L64A;3207;0,0339;3-207;13;0,0188;13
L64A;3992;0,0235;3-992;9;0,013;9
L64A;81321;0,0235;8-132.1;9;0,013;9
L64A;81322;0,0183;8-132.2;7;0,0101;7
L64A;55603x;0,0157;5-560.3x;6;0,0087;6
L64A;12660;0,0131;1-266.0;5;0,0087;6
L64A;3206;0,0131;3-206;5;0,0072;5
L64A;3990;0,0131;3-990;5;0,0072;5
L64A;81330;0,0131;8-133.0;5;0,0072;5
L64A;81390;0,0131;8-139.0;5;0,0072;5
L64A;8147y;0,0131;8-147.y;5;0,0072;5
L64A;313f;0,0104;3-13f;4;0,0058;4
L64A;3226;0,0104;3-226;4;0,0058;4
L64A;813701;0,0104;8-137.01;4;0,0058;4
L64A;8800c0;0,0104;8-800.c0;4;0,0058;4
L64B;313d0;0,4935;3-13d.0;38;0,623;38
L64B;3207;0,0779;3-207;6;0,0984;6
L64B;3990;0,0779;3-990;6;0,0984;6
M01B;313f;0,56;3-13f;42;0,2992;73
M01B;560412;0,5067;5-604.12;38;0,1557;38
M01B;560402;0,48;5-604.02;36;0,1516;37
M01B;8910;0,32;8-910;24;0,0984;24
M01B;8930;0,2;8-930;15;0,0615;15
M01B;1661;0,16;1-661;12;0,0492;12
M01B;81323;0,0933;8-132.3;7;0,0287;7
M01B;940122;0,0667;9-401.22;5;0,0205;5
M01B;8121;0,0533;8-121;4;0,0164;4
M01B;8800c0;0,0533;8-800.c0;4;0,0164;4
M02B;81323;0,803;8-132.3;477;0,2908;478
M02B;56010;0,6886;5-601.0;409;0,2488;409
M02B;56011;0,3114;5-601.1;185;0,1125;185
M02B;313f;0,1296;3-13f;77;0,0468;77
M02B;55850;0,1111;5-585.0;66;0,0401;66
M02B;55721;0,0892;5-572.1;53;0,0322;53
M02B;81331;0,0707;8-133.1;42;0,0255;42
M02B;1661;0,0505;1-661;30;0,0182;30
M02B;56362;0,0488;5-636.2;29;0,0176;29
M02B;55851;0,0455;5-585.1;27;0,0164;27
M02B;557340;0,0354;5-573.40;21;0,0128;21
M02B;313d0;0,032;3-13d.0;19;0,0122;20
M02B;81321;0,0236;8-132.1;14;0,0097;16
M02B;55700;0,0219;5-570.0;13;0,0079;13
M02B;19920;0,0202;1-992.0;12;0,0073;12
M02B;81322;0,0202;8-132.2;12;0,0073;12
M02B;313d5;0,0135;3-13d.5;8;0,0055;9
M02B;55720;0,0135;5-572.0;8;0,0049;8
M02B;55731;0,0135;5-573.1;8;0,0049;8
M02B;8147y;0,0118;8-147.y;7;0,0043;7
M02B;13341;0,0101;1-334.1;6;0,0036;6
M02B;146400;0,0101;1-464.00;6;0,0036;6
M02B;55704;0,0101;5-570.4;6;0,0036;6
M02B;56090;0,0101;5-609.0;6;0,0036;6
M02B;313g;0,0084;3-13g;5;0,0043;7
M02B;56361;0,0084;5-636.1;5;0,003;5
M02B;56402;0,0084;5-640.2;5;0,003;5
M02B;81330;0,0084;8-133.0;5;0,003;5
M02B;8800c0;0,0084;8-800.c0;5;0,003;5
M02B;305c0;0,0067;3-05c.0;4;0,0024;4
M02B;3225;0,0067;3-225;4;0,0024;4
M02B;813700;0,0067;8-137.00;4;0,0024;4
M04D;5611;0,6143;5-611;86;0,4943;86
M04D;56311;0,15;5-631.1;21;0,1207;21
M04D;56330;0,0643;5-633.0;9;0,0517;9
M04D;56331;0,05;5-633.1;7;0,0402;7
M04D;5629x;0,0429;5-629.x;6;0,0345;6
M04D;56362;0,0357;5-636.2;5;0,0287;5
M04D;56245;0,0286;5-624.5;4;0,023;4
M04D;56312;0,0286;5-631.2;4;0,023;4
M60C;1661;0,5763;1-661;68;0,2966;70
M60C;146400;0,3644;1-464.00;43;0,1822;43
M60C;146401;0,2373;1-464.01;28;0,1186;28
M60C;8800c0;0,161;8-800.c0;19;0,0805;19
M60C;81323;0,1271;8-132.3;15;0,0636;15
M60C;3225;0,0678;3-225;8;0,0339;8
M60C;55721;0,0508;5-572.1;6;0,0254;6
M60C;81322;0,0424;8-132.2;5;0,0212;5
M60C;8800c1;0,0424;8-800.c1;5;0,0212;5
M60C;313d0;0,0339;3-13d.0;4;0,0169;4
M60C;55602;0,0339;5-560.2;4;0,0169;4
M62Z;146401;0,0792;1-464.01;8;0,2051;8
M62Z;3034;0,0495;3-034;5;0,1282;5
N05B;565332;0,7108;5-653.32;59;0,341;59
N05B;546921;0,2771;5-469.21;23;0,1387;24
N05B;305d;0,0843;3-05d;7;0,052;9
N05B;565330;0,0843;5-653.30;7;0,0405;7
N05B;565333;0,0843;5-653.33;7;0,0405;7
N05B;565262;0,0723;5-652.62;6;0,0347;6
N05B;14712;0,0602;1-471.2;5;0,0289;5
N05B;1672;0,0482;1-672;4;0,0231;4
N06Z;570400;0,3971;5-704.00;54;0,1561;54
N06Z;570410;0,3162;5-704.10;43;0,1243;43
N06Z;570401;0,2353;5-704.01;32;0,0925;32
N06Z;570443;0,2132;5-704.43;29;0,0867;30
N06Z;570411;0,1912;5-704.11;26;0,0751;26
N06Z;570721;0,1324;5-707.21;18;0,052;18
N06Z;593200;0,1324;5-932.00;18;0,052;18
N06Z;59321;0,0956;5-932.1;13;0,0376;13
N06Z;57044x;0,0882;5-704.4x;12;0,0347;12
N06Z;559320;0,0735;5-593.20;10;0,0289;10
N06Z;5983;0,0662;5-983;9;0,026;9
N06Z;570731;0,0588;5-707.31;8;0,0231;8
N06Z;55721;0,0441;5-572.1;6;0,0173;6
N06Z;568301;0,0441;5-683.01;6;0,0173;6
N06Z;57030;0,0368;5-703.0;5;0,0145;5
N06Z;55951;0,0294;5-595.1;4;0,0116;4
N06Z;57071;0,0294;5-707.1;4;0,0116;4
N07Z;568301;0,7136;5-683.01;152;0,413;152
N07Z;565192;0,0751;5-651.92;16;0,0435;16
N07Z;546921;0,0704;5-469.21;15;0,0408;15
N07Z;565762;0,0516;5-657.62;11;0,0299;11
N07Z;565792;0,0516;5-657.92;11;0,0299;11
N07Z;14712;0,0469;1-471.2;10;0,0272;10
N07Z;1672;0,0423;1-672;9;0,0245;9
N07Z;5651b2;0,0376;5-651.b2;8;0,0217;8
N07Z;56671;0,0376;5-667.1;8;0,0217;8
N07Z;565182;0,0329;5-651.82;7;0,019;7
N07Z;565332;0,0329;5-653.32;7;0,019;7
N07Z;568321;0,0329;5-683.21;7;0,019;7
N07Z;57024;0,0329;5-702.4;7;0,019;7
N07Z;566165;0,0282;5-661.65;6;0,0163;6
N07Z;565195;0,0235;5-651.95;5;0,0136;5
N07Z;565782;0,0235;5-657.82;5;0,0136;5
N07Z;56814;0,0235;5-681.4;5;0,0136;5
N07Z;568311;0,0235;5-683.11;5;0,0136;5
N07Z;1673;0,0188;1-673;4;0,0109;4
N07Z;1694;0,0188;1-694;4;0,0109;4
N07Z;565772;0,0188;5-657.72;4;0,0109;4
N07Z;566162;0,0188;5-661.62;4;0,0109;4
N14Z;570400;0,9;5-704.00;189;0,2883;190
N14Z;568301;0,7619;5-683.01;160;0,2428;160
N14Z;570410;0,6619;5-704.10;139;0,2109;139
N14Z;55721;0,1857;5-572.1;39;0,0592;39
N14Z;568321;0,0667;5-683.21;14;0,0212;14
N14Z;546921;0,0571;5-469.21;12;0,0182;12
N14Z;568302;0,0571;5-683.02;12;0,0182;12
N14Z;568311;0,0476;5-683.11;10;0,0152;10
N14Z;570443;0,0381;5-704.43;8;0,0121;8
N14Z;81331;0,0381;8-133.1;8;0,0121;8
N14Z;570721;0,0333;5-707.21;7;0,0106;7
N14Z;57071;0,0286;5-707.1;6;0,0091;6
N14Z;305d;0,0238;3-05d;5;0,0106;7
N14Z;568200;0,0238;5-682.00;5;0,0076;5
N14Z;568312;0,0238;5-683.12;5;0,0076;5
N14Z;570401;0,019;5-704.01;4;0,0061;4
N21Z;568300;0,3503;5-683.00;69;0,2177;69
N21Z;568200;0,1929;5-682.00;38;0,1199;38
N21Z;568302;0,1777;5-683.02;35;0,1104;35
N21Z;568202;0,0964;5-682.02;19;0,0599;19
N21Z;546920;0,0914;5-469.20;18;0,0568;18
N21Z;565760;0,0914;5-657.60;18;0,0568;18
N21Z;565190;0,0508;5-651.90;10;0,0315;10
N21Z;58941b;0,0508;5-894.1b;10;0,0315;10
N21Z;568310;0,0406;5-683.10;8;0,0252;8
N21Z;568320;0,0406;5-683.20;8;0,0252;8
N21Z;565192;0,0254;5-651.92;5;0,0158;5
N21Z;565765;0,0254;5-657.65;5;0,0158;5
N21Z;568322;0,0254;5-683.22;5;0,0158;5
N21Z;546910;0,0203;5-469.10;4;0,0126;4
N21Z;556931;0,0203;5-569.31;4;0,0126;4
N21Z;565332;0,0203;5-653.32;4;0,0126;4
N21Z;5983;0,0203;5-983;4;0,0126;4
N25Z;565192;0,5979;5-651.92;58;0,295;59
N25Z;1672;0,1443;1-672;14;0,07;14
N25Z;14712;0,134;1-471.2;13;0,065;13
N25Z;1694;0,134;1-694;13;0,065;13
N25Z;1673;0,0825;1-673;8;0,04;8
N25Z;56671;0,0722;5-667.1;7;0,035;7
N25Z;56504;0,0515;5-650.4;5;0,025;5
N25Z;565182;0,0515;5-651.82;5;0,025;5
N25Z;565792;0,0412;5-657.92;4;0,02;4
N25Z;568150;0,0412;5-681.50;4;0,02;4
O01E;574911;0,5814;5-749.11;50;0,3669;51
O01E;57401;0,3953;5-740.1;34;0,2518;35
O01E;57490;0,186;5-749.0;16;0,1223;17
O01E;8910;0,1047;8-910;9;0,0647;9
O01E;5730;0,093;5-730;8;0,0576;8
O01E;8930;0,093;8-930;8;0,0576;8
O01E;95000;0,0581;9-500.0;5;0,036;5
O01F;57401;0,4916;5-740.1;146;0,2979;154
O01F;574911;0,4444;5-749.11;132;0,2553;132
O01F;57490;0,2424;5-749.0;72;0,1431;74
O01F;95000;0,1044;9-500.0;31;0,06;31
O01F;8910;0,0909;8-910;27;0,058;30
O01F;5730;0,0909;5-730;27;0,0522;27
O01F;8930;0,0673;8-930;20;0,0387;20
O01F;57400;0,0269;5-740.0;8;0,0155;8
O01F;574910;0,0269;5-749.10;8;0,0155;8
O01F;58941b;0,0168;5-894.1b;5;0,0097;5
O01F;9261;0,0168;9-261;5;0,0097;5
O01G;574910;0,4756;5-749.10;39;0,2632;40
O01G;57490;0,4634;5-749.0;38;0,25;38
O01G;57400;0,4268;5-740.0;35;0,25;38
O01G;95000;0,1829;9-500.0;15;0,0987;15
O01G;565760;0,0488;5-657.60;4;0,0263;4
O01H;57400;0,532;5-740.0;133;0,3144;138
O01H;57490;0,472;5-749.0;118;0,2756;121
O01H;574910;0,44;5-749.10;110;0,2506;110
O01H;95000;0,072;9-500.0;18;0,041;18
O01H;566330;0,032;5-663.30;8;0,0182;8
O01H;566300;0,028;5-663.00;7;0,0159;7
O01H;58941b;0,028;5-894.1b;7;0,0159;7
O01H;9261;0,028;9-261;7;0,0159;7
O01H;565760;0,02;5-657.60;5;0,0114;5
O60C;9261;0,4498;9-261;121;0,203;121
O60C;57380;0,3197;5-738.0;86;0,1443;86
O60C;9260;0,2788;9-260;75;0,1258;75
O60C;57584;0,1859;5-758.4;50;0,0839;50
O60C;57583;0,1673;5-758.3;45;0,0755;45
O60C;8910;0,1599;8-910;43;0,0906;54
O60C;57280;0,1338;5-728.0;36;0,0604;36
O60C;57281;0,0929;5-728.1;25;0,0419;25
O60C;5730;0,0855;5-730;23;0,0386;23
O60C;57585;0,0855;5-758.5;23;0,0386;23
O60C;5758x;0,0781;5-758.x;21;0,0352;21
O60C;57582;0,0558;5-758.2;15;0,0252;15
O60C;95000;0,0409;9-500.0;11;0,0185;11
O60C;8911;0,0223;8-911;6;0,0101;6
O60C;5738x;0,0149;5-738.x;4;0,0067;4
O60D;9260;0,8028;9-260;1075;0,4015;1076
O60D;5730;0,2016;5-730;270;0,1007;270
O60D;57583;0,1987;5-758.3;266;0,0993;266
O60D;57584;0,1658;5-758.4;222;0,0828;222
O60D;95000;0,1643;9-500.0;220;0,0821;220
O60D;9261;0,124;9-261;166;0,0619;166
O60D;57380;0,1232;5-738.0;165;0,0616;165
O60D;8910;0,0739;8-910;99;0,0377;101
O60D;57280;0,0448;5-728.0;60;0,0224;60
O60D;57582;0,0284;5-758.2;38;0,0142;38
O60D;5738x;0,0246;5-738.x;33;0,0123;33
O60D;8911;0,0217;8-911;29;0,0108;29
O60D;57281;0,0105;5-728.1;14;0,0052;14
O60D;5758x;0,009;5-758.x;12;0,0045;12
O65B;95000;0,1182;9-500.0;13;0,6842;13
O65B;305d;0,0455;3-05d;5;0,2632;5
O65C;305d;0,0659;3-05d;24;0,931;27
P60C;92620;0,5872;9-262.0;64;0,4706;64
P60C;92621;0,3853;9-262.1;42;0,3088;42
P60C;8720;0,055;8-720;6;0,0441;6
P60C;8930;0,0459;8-930;5;0,0368;5
P60C;12088;0,0367;1-208.8;4;0,0294;4
P66D;92620;0,6444;9-262.0;58;0,4567;58
P66D;92621;0,3556;9-262.1;32;0,252;32
P66D;1242;0,2667;1-242;24;0,189;24
P66D;12088;0,1;1-208.8;9;0,0709;9
P67C;85602;0,6301;8-560.2;109;0,3364;109
P67C;92620;0,4509;9-262.0;78;0,2407;78
P67C;92621;0,3295;9-262.1;57;0,1759;57
P67C;12088;0,2197;1-208.8;38;0,1173;38
P67C;8930;0,104;8-930;18;0,0556;18
P67C;1242;0,0462;1-242;8;0,0247;8
P67C;88110;0,0347;8-811.0;6;0,0185;6
P67C;80103;0,0289;8-010.3;5;0,0154;5
P67D;92620;0,9188;9-262.0;3393;0,6843;3395
P67D;12088;0,1895;1-208.8;700;0,1411;700
P67D;1242;0,147;1-242;543;0,1095;543
P67D;92621;0,0783;9-262.1;289;0,0583;289
P67D;8930;0,0049;8-930;18;0,0036;18
P67D;8560x;0,0035;8-560.x;13;0,0026;13
X62Z;81323;0,0533;8-132.3;4;0,0702;4
