ko_Pepp;ko_BereichNr;ko_KArt1;ko_KArt2;ko_KArt3a;ko_KArt3b;ko_KArt3c;ko_KArt3;ko_KArt4a;ko_KArt4b;ko_KArt6a;ko_KArt6b;ko_KArt7;ko_KArt8;ko_Summe
P002A;7;0,03;0;0;0;0;0,01;0;0;0;0;0,01;0,02;0,07
P002A;8;0,17;0;0;0;0;0,13;0;0;0,01;0;0,06;0,07;0,45
P002A;9;0,15;0;0;0;0;0,2;0,01;0;0,1;0,12;0,14;0,11;0,83
P002A;10;0,08;0;0;0;0;0,75;0;0;0,73;0,37;0,07;0,34;2,34
P002A;11;0,31;0,04;0;0;0;0,62;0;0;0,03;0,09;0,06;0,18;1,33
P002A;21;10,45;40,64;2,9;2,23;0,81;0,77;0,3;0;0,35;0,11;3,55;21,86;83,98
P002A;22;28,39;98,24;10,64;11,36;3,5;0,92;0,81;0,03;0,81;0,15;13,09;56,76;224,69
P002A;23;12,82;196,51;12,54;2,18;0,45;0;0,45;0;0,39;0;0;0;225,33
P002A;24;0;0,01;0;0;2,25;0;0;0;0,02;0,06;0,25;1,11;3,69
P002A;25;0;2,11;0;0,81;4,86;1,75;0,02;0;0,41;0,12;0,74;3,57;14,39
P002A;26;0;0,8;0;0,02;0,05;0;0;0;0,01;0;0,32;0,77;1,97
P002B;4;0;0;0;0;0;0;0;0;0;0;0;0;0,02
P002B;7;0,07;0;0;0;0;0,02;0;0;0,01;0;0,02;0,05;0,16
P002B;8;0,05;0;0;0;0;0,04;0;0;0;0;0,02;0,02;0,14
P002B;9;0,12;0;0;0;0;0,15;0;0;0,06;0,27;0,09;0,13;0,82
P002B;10;0,1;0;0;0;0;0,72;0;0;0,56;0,47;0,07;0,41;2,34
P002B;11;0,3;0,02;0;0;0;0,47;0;0;0,04;0,02;0,07;0,22;1,15
P002B;21;15,65;52,7;3,23;4,01;1,43;0,83;0,42;0;0,32;0,02;6,03;29,31;113,94
P002B;22;30,23;97,28;6,48;10,21;3,72;1,93;0,71;0,03;0,85;0,06;11,62;53,95;217,07
P002B;23;13,15;88,31;7,59;1,92;0,69;0;0,2;0,01;0,32;0;0;0;112,19
P002B;24;0,01;0,25;0;0;2,03;0,38;0;0;0,06;0;0,17;1,12;4,01
P002B;25;0;3,25;0;1,15;6,64;0,34;0,02;0;0,6;0,14;0,86;4,06;17,07
P002B;26;0;0,83;0;0;0,06;0;0,01;0;0,01;0;0,34;0,73;1,98
P003A;4;0,01;0;0;0;0;0,01;0;0;0;0,01;0;0,01;0,04
P003A;5;0,05;0;0;0;0;0,07;0,01;0;0,02;0;0,01;0,04;0,21
P003A;8;0,03;0;0;0;0;0,03;0;0;0,01;0;0,02;0,02;0,1
P003A;9;0,2;0;0;0;0;0,37;0;0;0,05;0,26;0,18;0,23;1,3
P003A;10;0,02;0;0;0;0;0,53;0;0;0,54;0,86;0,08;0,33;2,37
P003A;11;0,41;0,03;0;0;0;0,69;0;0,06;0,05;0,21;0,06;0,47;1,98
P003A;21;8,93;24,19;0,88;1,44;0,91;1,19;0,89;0,08;0,45;0,16;4,32;19,99;63,43
P003A;22;25,77;74,02;2,08;4,15;3,97;0,63;3,31;0,58;1,96;0,49;14,2;45,48;176,63
P003A;23;4,21;221,27;1,03;3,36;0,28;0;2;0;1,45;7,46;0;0;241,08
P003A;24;0;0;0;0;1,13;0;0;0;0,02;0;0,04;0,75;1,94
P003A;25;0,24;0,22;0;0;2,33;0;0,01;0;0,08;0;0,15;1,35;4,4
P003A;26;0;0;0;0;0,05;0,01;0;0;0;0;0;0,02;0,09
P003B;4;0,01;0;0;0;0;0,01;0;0;0;0;0;0,02;0,04
P003B;7;0;0;0;0;0;0,01;0;0;0;0;0;0;0,01
P003B;8;0,03;0;0;0;0;0,02;0;0;0,01;0,01;0,01;0,01;0,1
P003B;9;0,26;0;0;0;0;0,42;0;0;0,07;0,54;0,22;0,27;1,77
P003B;10;0,03;0;0;0;0;0,54;0;0;0,55;1,2;0,09;0,26;2,67
P003B;11;0,72;0,12;0;0;0;1;0,01;0;0,07;0,36;0,11;0,71;3,1
P003B;21;15,19;35,66;1,54;1,6;1,25;2,51;1,19;0,14;0,96;0,17;5,89;32,15;98,24
P003B;22;21,76;59,22;1,85;3,55;2,91;0,58;2,39;0,11;1,52;0,14;9,93;35,64;139,61
P003B;23;4,85;138,62;1,64;2,43;0,42;0,01;1,75;0,04;1,15;2,06;0,02;0,09;153,07
P003B;24;0;0;0;0;0,98;0,01;0;0;0,01;0,04;0,05;0,44;1,54
P003B;25;0,38;0,31;0;0;2,53;0,01;0,01;0;0,07;0,04;0,22;1,22;4,79
P003B;26;0,28;1,65;0,01;0;0,9;0,04;0;0;0;0;0,03;0,17;3,09
P003C;4;0,09;0;0;0;0;0,07;0;0;0,02;0,02;0,05;0,08;0,35
P003C;5;0,19;0;0;0;0;0,1;0,02;0;0,03;0;0,03;0,04;0,41
P003C;7;0,01;0;0;0;0;0,01;0;0;0;0;0;0;0,02
P003C;8;0,04;0;0;0;0;0,04;0;0;0,01;0,03;0,02;0,03;0,18
P003C;9;0,3;0;0;0;0;0,43;0,01;0,06;0,06;0,48;0,23;0,27;1,83
P003C;10;0,06;0;0;0;0;0,76;0;0,01;0,77;0,81;0,12;0,36;2,89
P003C;11;0,72;0,11;0;0;0;0,92;0,01;0;0,07;0,17;0,12;0,67;2,79
P003C;21;12,24;29,18;1,05;1,61;0,93;0,88;1;0,02;0,63;0,17;4,32;22,17;74,19
P003C;22;24,29;73,43;2,33;4,14;2,91;1;3,23;0,23;1,85;0,22;10,59;39,95;164,16
P003C;23;4,94;100,15;2,18;1,31;0,24;0;1,14;0;0,7;0,8;0,03;0,09;111,59
P003C;24;0;0;0;0;0,82;0;0;0;0,02;0;0,03;0,48;1,36
P003C;25;0,31;0,14;0,01;0,02;2,45;0,09;0;0;0,1;0,01;0,11;1,09;4,33
P003C;26;0,2;2,33;0;0;0,59;0;0;0;0;0;0,04;0,2;3,35
P004Z;4;0,02;0;0;0;0;0,01;0;0;0,01;0;0,01;0,01;0,06
P004Z;5;0,03;0;0;0;0;0,01;0;0;0;0;0;0,01;0,06
P004Z;7;0;0;0;0;0;0;0;0;0;0;0;0;0,01
P004Z;8;0,04;0;0;0;0;0,04;0;0;0,01;0;0,01;0,02;0,12
P004Z;9;0,32;0;0;0;0;0,48;0,01;0;0,09;0,56;0,17;0,25;1,89
P004Z;10;0,08;0;0;0;0;0,8;0,01;0,01;0,88;1,21;0,14;0,32;3,43
P004Z;11;0,75;0,77;0;0;0;0,67;0,01;0;0,07;0,21;0,1;0,75;3,31
P004Z;21;8,32;29,06;0,8;1,8;1,12;0,41;0,81;0,12;0,95;0,06;4,68;20,51;68,62
P004Z;22;23,38;82,68;2,68;3,95;2,41;1,17;2,73;0,39;1,97;0,21;11,46;48,52;181,57
P004Z;23;5,82;19,66;0,85;0,97;0,35;0,02;0,34;0,04;0,19;0,11;0,01;0,04;28,41
P004Z;24;0,02;0,08;0,01;0;0,74;0,02;0;0;0,02;0,01;0,03;0,34;1,27
P004Z;25;0,03;0,33;0,02;0,12;2,22;0,02;0,01;0;0,11;0,02;0,15;1,25;4,27
P004Z;26;0,12;0,2;0,01;0,01;0,03;0,02;0;0;0;0;0,01;0,08;0,48
PA01A;7;0,01;0;0;0;0;0;0;0;0,01;0;0,01;0,01;0,03
PA01A;8;0,01;0;0;0;0;0,01;0;0;0;0;0;0;0,03
PA01A;9;0,19;0;0;0;0;0,29;0,02;0;0,11;0,51;0,17;0,19;1,49
PA01A;10;0,04;0;0;0;0;0,68;0;0;0,83;0,64;0,08;0,25;2,51
PA01A;11;0,28;0,18;0;0;0;0,58;0;0;0,06;0;0,06;0,29;1,45
PA01A;21;15,14;47,79;1,26;4,15;0,86;0,6;2,2;0,39;0,99;0,35;6,54;30,3;110,57
PA01A;22;15,51;51,94;1,85;2,69;1,42;0,53;1,82;0,07;1,05;0,13;6,6;29,27;112,89
PA01A;23;2,82;19,08;0,88;0,37;0,18;0;0,24;0;0,13;0,11;0;0;23,82
PA01A;24;0,03;0,11;0,01;0,01;0,78;0;0;0;0,01;0,01;0,03;0,37;1,35
PA01A;25;0,1;0,3;0,01;0,01;2,97;0,95;0;0;0,15;0;0,18;1,86;6,55
PA01A;26;0,03;0,11;0,01;0;0;0;0;0;0;0;0,01;0,1;0,26
PA01B;4;0,08;0;0;0;0;0,07;0;0,01;0,05;0,02;0,05;0,07;0,35
PA01B;5;0,07;0;0;0;0;0,06;0,03;0;0,03;0;0,04;0,04;0,28
PA01B;8;0,02;0;0;0;0;0,02;0;0;0;0;0,01;0,01;0,07
PA01B;9;0,21;0;0;0;0;0,28;0,01;0;0,12;0,73;0,17;0,19;1,72
PA01B;10;0,08;0;0;0;0;0,76;0;0;0,81;0,78;0,11;0,29;2,83
PA01B;11;0,51;0,21;0;0;0;1,34;0,01;0;0,1;0;0,13;0,59;2,89
PA01B;21;20,45;61,32;2,82;3,93;1,61;0,95;2,27;0,1;1,16;0,1;9,17;44,37;148,25
PA01B;22;6,01;20,29;0,78;0,94;0,45;0,21;0,63;0,01;0,42;0,01;2,61;14,13;46,48
PA01B;23;3,47;7,17;2,16;0,98;0,19;0,03;0,1;0,06;0,07;0,08;0;0;14,32
PA01B;24;0,05;0,14;0,01;0,01;0,91;0;0;0;0,02;0,1;0,05;0,44;1,73
PA01B;25;0,07;0,56;0,02;0,04;4,93;0,54;0;0;0,22;0,04;0,28;2,68;9,39
PA01B;26;0,07;0,18;0,01;0;0,03;0;0;0;0,01;0;0,02;0,14;0,45
PA02A;5;0;0;0;0;0;0;0;0;0;0;0;0;0,01
PA02A;8;0,01;0;0;0;0;0,01;0;0;0;0,01;0;0,01;0,04
PA02A;9;0,09;0;0;0;0;0,09;0;0;0,02;0,29;0,06;0,07;0,61
PA02A;10;0,08;0;0;0;0;1,75;0;0;1,24;2,71;0,4;0,76;6,93
PA02A;11;0,29;0,22;0;0;0;1,1;0;0;0,08;0,11;0,08;0,35;2,24
PA02A;21;16,45;61,4;3,55;4,08;3,86;0,58;1,78;0,05;0,59;0,18;9,2;34,68;136,39
PA02A;22;13;47,62;2,2;2,15;3,05;0,53;1,64;0,06;0,56;0,16;7,44;31,84;110,28
PA02A;23;4,03;11,84;1,62;1,82;0,06;0;0,12;0,03;0,04;0,08;0;0;19,65
PA02A;24;0;0;0;0,02;0,8;0,05;0;0;0,02;0;0,05;0,74;1,67
PA02A;25;0,01;0,03;0;0;2,39;0,13;0,01;0;0,11;0,01;0,16;1,16;4
PA02A;26;0,02;0,01;0;0;0,18;0;0;0;0;0;0;0,18;0,39
PA02B;4;0,01;0;0;0;0;0;0;0;0;0;0;0,01;0,03
PA02B;8;0,02;0;0;0;0;0,02;0;0;0;0;0,01;0,01;0,07
PA02B;9;0,19;0;0;0;0;0,26;0;0;0,03;0,28;0,09;0,15;1
PA02B;10;0,18;0;0;0;0;2,04;0;0;1,58;2,61;0,26;1,02;7,7
PA02B;11;0,76;0,86;0;0;0;1,04;0,01;0;0,08;0,14;0,15;0,91;3,96
PA02B;21;14,32;43,47;1,69;2,73;1,2;0,75;1,33;0,25;0,95;0,13;7,6;31,15;105,57
PA02B;22;14,7;53,92;1,89;3,1;1,78;0,75;1,61;0,23;1,17;0,24;9,82;36,17;125,39
PA02B;23;3,9;11,01;1,36;1,14;0,42;0,02;0,12;0,15;0,09;0,04;0,01;0,04;18,32
PA02B;24;0,02;0,01;0;0;0,47;0,02;0;0;0,01;0,02;0,03;0,27;0,84
PA02B;25;0,02;0,58;0;0,01;2,36;0,09;0;0;0,07;0,02;0,22;1,38;4,76
PA02B;26;0,19;0,06;0,01;0;0,08;0;0;0;0;0;0;0,05;0,41
PA02C;4;0,01;0;0;0;0;0,01;0;0;0;0;0;0,01;0,03
PA02C;5;0,01;0;0;0;0;0,01;0;0;0;0;0;0;0,02
PA02C;7;0;0;0;0;0;0;0;0;0;0;0;0;0,01
PA02C;8;0,03;0;0;0;0;0,02;0;0;0;0,01;0,01;0,01;0,09
PA02C;9;0,19;0;0;0;0;0,29;0,01;0;0,12;0,39;0,13;0,22;1,35
PA02C;10;0,09;0;0;0;0;0,97;0;0;1,2;1,18;0,13;0,43;4
PA02C;11;0,71;0,88;0;0;0;0,87;0,01;0;0,07;0,11;0,13;0,84;3,61
PA02C;21;17,06;49,38;2,26;3,52;1,57;1,14;1,32;0,05;1,05;0,17;9,83;40,39;127,75
PA02C;22;9,35;29,57;1,18;2,06;0,82;0,44;0,7;0,03;0,64;0,09;6,25;22,56;73,7
PA02C;23;4,02;6,71;1,3;1,31;0,54;0,02;0,13;0,02;0,1;0,02;0;0,01;14,19
PA02C;24;0,03;0,08;0,01;0,01;0,72;0,01;0;0;0,02;0,07;0,02;0,34;1,31
PA02C;25;0,02;0,2;0,02;0,02;2,62;0,06;0;0;0,07;0;0,17;1,26;4,45
PA02C;26;0,1;0,09;0,02;0,01;0,02;0;0;0;0;0;0,01;0,08;0,33
PA02D;4;0,01;0;0;0;0;0,01;0;0;0;0;0,01;0,01;0,04
PA02D;5;0,01;0;0;0;0;0,01;0;0;0;0;0;0;0,02
PA02D;7;0;0;0;0;0;0;0;0;0;0;0;0;0,01
PA02D;8;0,03;0;0;0;0;0,03;0;0;0,01;0,01;0,01;0,02;0,1
PA02D;9;0,29;0;0;0;0;0,35;0,01;0;0,07;0,39;0,17;0,22;1,49
PA02D;10;0,2;0;0;0;0;1,68;0;0;1,39;1,71;0,22;0,68;5,88
PA02D;11;0,84;0,64;0;0;0;1,38;0,02;0;0,11;0,09;0,17;0,83;4,07
PA02D;21;18,78;52,79;3,38;3,13;1,67;0,87;1,64;0,09;0,98;0,18;10,13;40,98;134,63
PA02D;22;9,19;27,95;0,95;1,33;1,11;0,47;0,89;0,02;0,56;0,05;5,04;19,75;67,31
PA02D;23;4,47;8,54;1,87;1,13;0,26;0,02;0,11;0,09;0,08;0,07;0;0,02;16,65
PA02D;24;0,02;0,05;0,01;0,01;0,85;0;0;0;0,01;0,07;0,04;0,42;1,48
PA02D;25;0,04;1,26;0,02;0,07;2,52;0,28;0;0;0,1;0,12;0,35;2,04;6,79
PA02D;26;0,06;0,06;0,01;0,01;0,07;0;0;0;0;0;0,01;0,11;0,34
PA03A;4;0,01;0;0;0;0;0,01;0;0;0,01;0;0,01;0,01;0,06
PA03A;5;0,02;0;0;0;0;0,01;0;0;0;0;0;0;0,03
PA03A;7;0;0;0;0;0;0;0;0;0;0;0;0;0,01
PA03A;8;0,03;0;0;0;0;0,02;0;0;0,01;0;0,01;0,01;0,08
PA03A;9;0,25;0;0;0;0;0,36;0,01;0;0,07;0,54;0,14;0,21;1,58
PA03A;10;0,06;0;0;0;0;0,53;0;0;0,51;0,82;0,08;0,23;2,24
PA03A;11;0,54;0,23;0;0;0;0,74;0,01;0;0,06;0,09;0,1;0,45;2,22
PA03A;21;15,3;45,73;1,81;2,33;1,34;0,9;1,71;0,29;1,18;0,16;7,57;34,8;113,12
PA03A;22;11,97;38,67;1,03;1,8;1,2;0,55;1,48;0,19;0,95;0,07;6,58;26,47;90,96
PA03A;23;3,04;12,88;0,78;0,72;0,17;0;0,19;0,04;0,11;0,02;0,01;0,03;18
PA03A;24;0,02;0,06;0;0;0,99;0,03;0;0;0,02;0,08;0,05;0,49;1,75
PA03A;25;0,04;0,3;0,01;0,06;3,16;0,14;0,01;0;0,12;0,1;0,21;1,54;5,68
PA03A;26;0,1;0,13;0,01;0,01;0,03;0;0;0;0;0,01;0,01;0,07;0,36
PA03B;4;0,01;0;0;0;0;0,01;0;0;0;0;0;0,01;0,03
PA03B;5;0,01;0;0;0;0;0,01;0;0;0;0;0;0;0,02
PA03B;7;0;0;0;0;0;0,01;0;0;0;0;0;0;0,01
PA03B;8;0,02;0;0;0;0;0,01;0;0;0;0;0,01;0,01;0,05
PA03B;9;0,19;0;0;0;0;0,24;0,01;0;0,05;0,46;0,1;0,15;1,19
PA03B;10;0,06;0;0;0;0;0,54;0;0;0,52;0,76;0,08;0,24;2,2
PA03B;11;0,48;0,23;0;0;0;0,73;0,01;0;0,06;0,07;0,1;0,45;2,14
PA03B;21;18,56;53,8;2,78;2,98;1,57;0,99;2,08;0,31;1;0,14;9,36;42,69;136,26
PA03B;22;7,07;21,9;0,58;1,05;0,73;0,35;0,85;0,13;0,42;0,03;3,93;15,58;52,62
PA03B;23;3,06;6,86;1;0,77;0,21;0,01;0,11;0,07;0,06;0,02;0,01;0,03;12,18
PA03B;24;0,03;0,07;0,01;0;0,74;0,03;0;0;0,01;0,06;0,04;0,37;1,35
PA03B;25;0,04;0,43;0,02;0,05;4,14;0,1;0;0;0,16;0,19;0,27;2,12;7,54
PA03B;26;0,08;0,09;0,01;0,01;0,04;0;0;0;0;0;0,01;0,1;0,33
PA04A;4;0,01;0;0;0;0;0,01;0;0;0;0;0;0,01;0,04
PA04A;5;0,02;0;0;0;0;0,02;0;0;0,01;0;0;0,01;0,06
PA04A;7;0;0;0;0;0;0;0;0;0;0;0;0;0,01
PA04A;8;0,03;0;0;0;0;0,03;0;0;0,01;0;0,01;0,01;0,09
PA04A;9;0,39;0;0;0;0;0,51;0,01;0,01;0,11;0,74;0,22;0,33;2,31
PA04A;10;0,07;0;0;0;0;0,61;0;0;0,61;0,82;0,09;0,26;2,47
PA04A;11;0,77;0,24;0;0;0;0,89;0,01;0;0,07;0,13;0,12;0,57;2,79
PA04A;21;17,37;54,75;3,17;2,84;1,75;0,92;1,89;0,2;1,36;0,29;8,68;40,65;133,85
PA04A;22;9,43;30,54;1,07;1,33;0,97;0,49;1,07;0,08;0,8;0,1;5,32;21,07;72,28
PA04A;23;4,86;15,15;2,28;0,71;0,28;0;0,25;0,01;0,16;0,08;0,01;0,05;23,86
PA04A;24;0,05;0,09;0,01;0;1,78;0,05;0;0;0,03;0,11;0,08;0,88;3,08
PA04A;25;0,04;0,33;0,02;0,06;4,16;0,15;0;0;0,13;0,04;0,29;1,92;7,15
PA04A;26;0,2;0,22;0,01;0,01;0,07;0,01;0;0;0;0,01;0,01;0,08;0,62
PA04B;4;0,01;0;0;0;0;0,01;0;0;0;0;0;0,01;0,03
PA04B;5;0,01;0;0;0;0;0,01;0;0;0;0;0;0,01;0,04
PA04B;7;0,01;0;0;0;0;0,01;0;0;0;0;0;0;0,02
PA04B;8;0,04;0;0;0;0;0,04;0;0;0,01;0;0,01;0,02;0,13
PA04B;9;0,32;0;0;0;0;0,44;0,01;0;0,09;0,7;0,19;0,27;2,03
PA04B;10;0,05;0;0;0;0;0,49;0;0,01;0,47;0,83;0,07;0,2;2,13
PA04B;11;0,61;0,2;0;0;0;0,83;0,01;0;0,07;0,08;0,11;0,48;2,4
PA04B;21;20,5;63,95;4,03;2,93;2,09;1,16;2,18;0,21;1,6;0,24;10,64;49,78;159,32
PA04B;22;3,94;12,67;0,42;0,51;0,42;0,22;0,47;0,04;0,36;0,03;2,48;9,38;30,95
PA04B;23;3,27;8,12;1,93;0,56;0,22;0;0,12;0,03;0,09;0,09;0,01;0,03;14,46
PA04B;24;0,03;0,06;0,01;0;1,95;0,09;0;0;0,03;0,1;0,09;0,92;3,28
PA04B;25;0,03;0,38;0,03;0,05;4,39;0,16;0,01;0;0,16;0,19;0,3;2,15;7,84
PA04B;26;0,06;0,13;0,01;0,01;0,02;0,01;0;0;0;0;0,01;0,07;0,33
PA04C;4;0,01;0;0;0;0;0,01;0;0;0;0;0;0;0,02
PA04C;5;0,01;0;0;0;0;0,01;0;0;0;0;0;0;0,03
PA04C;7;0;0;0;0;0;0,01;0;0;0;0;0;0;0,02
PA04C;8;0,03;0;0;0;0;0,03;0;0;0,01;0,01;0,01;0,02;0,09
PA04C;9;0,19;0;0;0;0;0,25;0,01;0;0,07;0,56;0,13;0,17;1,39
PA04C;10;0,05;0;0;0;0;0,46;0;0;0,45;0,57;0,07;0,2;1,8
PA04C;11;0,5;0,26;0;0;0;0,7;0,01;0;0,06;0,07;0,1;0,47;2,15
PA04C;21;20,23;59,82;4,62;3,26;2,15;1,06;1,94;0,11;1,07;0,18;10,73;49,89;155,07
PA04C;22;2,35;6,97;0,28;0,34;0,25;0,17;0,28;0,02;0,14;0,02;1,37;5,55;17,73
PA04C;23;4,2;5,95;2,83;0,83;0,39;0,01;0,09;0,03;0,07;0,03;0,01;0,03;14,45
PA04C;24;0,05;0,08;0,02;0,01;1,76;0,07;0;0;0,03;0,09;0,07;0,88;3,08
PA04C;25;0,07;0,38;0,03;0,05;5,41;0,08;0;0;0,22;0,23;0,34;2,81;9,62
PA04C;26;0,13;0,11;0,02;0,01;0,04;0;0;0;0;0;0,01;0,1;0,44
PA14A;4;0,04;0;0;0;0;0,02;0;0;0,01;0,01;0,02;0,03;0,12
PA14A;5;0,03;0;0;0;0;0,03;0;0;0,01;0;0,01;0,01;0,1
PA14A;7;0,01;0;0;0;0;0,02;0;0;0;0;0;0,01;0,04
PA14A;8;0,03;0;0;0;0;0,03;0;0;0,02;0,02;0,01;0,02;0,14
PA14A;9;0,19;0;0;0;0;0,27;0;0;0,05;0,34;0,11;0,18;1,15
PA14A;10;0,1;0;0;0;0;0,77;0;0,01;0,63;0,72;0,13;0,34;2,7
PA14A;11;0,77;0,35;0;0;0;0,97;0,01;0;0,08;0,17;0,16;0,66;3,17
PA14A;21;20,65;59,2;3,6;2,87;1,9;1,84;1,79;0,22;1,03;0,37;9,85;46,59;149,91
PA14A;22;8,01;25,38;0,67;1,24;1,1;0,3;0,89;0,02;0,48;0,05;4,57;16,56;59,26
PA14A;23;5,76;14,59;2,4;0,97;0,42;0,01;0,19;0,07;0,13;0,23;0,02;0,08;24,87
PA14A;24;0,02;0,06;0,02;0;1,17;0,12;0;0;0,02;0,04;0,08;0,62;2,15
PA14A;25;0,05;0,45;0,02;0,1;3,76;0,08;0;0;0,15;0,16;0,31;2,01;7,1
PA14A;26;0,24;0,17;0,02;0;0,07;0,01;0;0;0;0;0,01;0,08;0,61
PA14B;4;0,03;0;0;0;0;0,02;0;0;0,01;0,02;0,02;0,03;0,12
PA14B;5;0,02;0;0;0;0;0,01;0;0;0;0;0;0,01;0,04
PA14B;7;0,01;0;0;0;0;0,01;0;0;0;0;0;0;0,02
PA14B;8;0,03;0;0;0;0;0,03;0;0;0,01;0,01;0,01;0,02;0,11
PA14B;9;0,17;0;0;0;0;0,2;0;0,01;0,05;0,25;0,1;0,14;0,93
PA14B;10;0,07;0;0;0;0;0,59;0;0;0,55;0,66;0,09;0,26;2,23
PA14B;11;0,54;0,23;0;0;0;0,78;0,01;0;0,06;0,07;0,12;0,46;2,27
PA14B;21;21,39;61,12;4,33;3,24;2,52;1,74;1,77;0,2;1,02;0,25;11,09;51,01;159,69
PA14B;22;3,76;11,84;0,36;0,63;0,46;0,16;0,39;0,02;0,21;0,03;2,25;8,5;28,62
PA14B;23;4,49;7,95;3,31;1;0,3;0,01;0,1;0,08;0,09;0,05;0,01;0,05;17,45
PA14B;24;0,05;0,09;0,02;0,01;1,24;0,05;0;0;0,03;0,05;0,07;0,64;2,24
PA14B;25;0,05;0,58;0,03;0,09;4,45;0,21;0,01;0;0,21;0,22;0,38;2,7;8,93
PA14B;26;0,16;0,14;0,02;0,01;0,07;0;0;0;0;0;0,01;0,11;0,52
PA15A;4;0,01;0;0;0;0;0,01;0;0;0;0;0;0,01;0,03
PA15A;5;0,01;0;0;0;0;0;0;0;0;0;0;0;0,02
PA15A;8;0,04;0;0;0;0;0,04;0;0;0,01;0,01;0,02;0,02;0,14
PA15A;9;0,75;0;0;0;0;1,15;0,01;0,01;0,27;1,35;0,39;0,65;4,59
PA15A;10;0,08;0;0;0;0;0,75;0;0;0,84;1,12;0,11;0,33;3,24
PA15A;11;0,84;0,34;0;0;0;1,09;0,01;0;0,1;0,17;0,13;0,64;3,31
PA15A;21;5,98;21,5;0,52;1,23;0,86;0,27;0,69;0,04;1,21;0,22;3,12;13,85;49,5
PA15A;22;25,45;91,7;2,51;3,74;2,47;0,73;2,73;0,19;3,56;0,31;13,39;51,95;198,73
PA15A;23;3,78;24,32;0,33;0,93;0,17;0;0,32;0,02;0,24;0,13;0,01;0,01;30,27
PA15A;24;0,03;0,3;0,01;0;2,01;0,03;0;0;0,04;0,07;0,09;1,1;3,68
PA15A;25;0,04;0,51;0,01;0,12;2,2;0,06;0,01;0;0,09;0,03;0,16;1,53;4,76
PA15A;26;0,06;0,5;0,01;0,01;0,04;0,09;0;0;0,01;0,03;0,03;0,23;0,99
PA15B;4;0,01;0;0;0;0;0,01;0;0;0;0;0;0,01;0,04
PA15B;5;0,01;0;0;0;0;0;0;0;0;0;0;0;0,01
PA15B;7;0;0;0;0;0;0;0;0;0;0;0;0;0,01
PA15B;8;0,04;0;0;0;0;0,04;0;0;0,01;0,01;0,02;0,02;0,13
PA15B;9;0,77;0;0;0;0;1,13;0,01;0,03;0,3;1,4;0,49;0,7;4,83
PA15B;10;0,06;0;0;0;0;0,78;0;0,01;0,76;1,24;0,11;0,33;3,29
PA15B;11;0,71;0,31;0;0;0;1,16;0,01;0;0,1;0,09;0,14;0,59;3,1
PA15B;21;13,64;45,68;1,42;2,14;1,62;0,56;1,58;0,07;2,16;0,4;7,61;30,91;107,79
PA15B;22;15,3;51,19;1,01;2,01;1,7;0,58;1,71;0,1;1,89;0,2;9,23;33,88;118,8
PA15B;23;3,44;17,85;0,62;0,85;0,18;0;0,23;0,02;0,2;0,13;0;0,01;23,53
PA15B;24;0,01;0,07;0;0,01;1,61;0,04;0;0;0,03;0,1;0,1;0,85;2,82
PA15B;25;0,02;0,26;0,01;0,1;2,87;0,15;0,01;0;0,12;0,1;0,19;1,37;5,19
PA15B;26;0,06;0,16;0,01;0,01;0,02;0,02;0;0;0;0,01;0,01;0,07;0,36
PA15C;4;0,04;0;0;0;0;0,03;0;0;0,01;0,01;0,01;0,02;0,13
PA15C;5;0,03;0;0;0;0;0,02;0,01;0;0,01;0;0,01;0,01;0,08
PA15C;7;0;0;0;0;0;0;0;0;0;0;0;0;0,01
PA15C;8;0,06;0;0;0;0;0,05;0;0;0,01;0;0,02;0,03;0,17
PA15C;9;0,58;0;0;0;0;0,83;0,02;0;0,21;1,9;0,43;0,53;4,48
PA15C;10;0,08;0;0;0;0;0,95;0;0;0,88;0,96;0,12;0,38;3,39
PA15C;11;0,73;0,36;0;0;0;0,93;0,01;0;0,09;0,04;0,14;0,62;2,92
PA15C;21;18,12;56,6;3,17;2,76;1,23;0,85;2,06;0,15;2,23;0,61;7,92;40,46;136,18
PA15C;22;11,26;35,3;0,96;1,36;0,5;0,69;1,31;0,1;1,25;0,22;5,06;23,4;81,39
PA15C;23;2,52;10,55;0,85;0,64;0,25;0,01;0,11;0,01;0,12;0,07;0,01;0,02;15,18
PA15C;24;0,02;0,11;0,01;0,01;2,05;0,02;0,01;0;0,05;0,13;0,12;1,06;3,58
PA15C;25;0,04;0,32;0,03;0,08;3,17;0,2;0;0;0,12;0,05;0,24;1,71;5,96
PA15C;26;0,07;0,18;0,01;0;0,02;0;0;0;0,01;0,01;0,01;0,11;0,42
PK01Z;4;0,05;0;0;0;0;0,02;0;0;0,01;0;0,01;0,02;0,1
PK01Z;5;0,02;0;0;0;0;0,01;0;0;0;0;0,01;0;0,04
PK01Z;7;0,02;0;0;0;0;0,01;0;0;0;0;0,01;0,02;0,05
PK01Z;8;0,02;0;0;0;0;0,02;0;0;0;0;0,01;0,01;0,06
PK01Z;9;0,09;0;0;0;0;0,09;0,01;0;0,02;0,08;0,05;0,06;0,41
PK01Z;10;0,03;0;0;0;0;0,31;0;0;0,23;0,52;0,03;0,14;1,27
PK01Z;11;0,52;0,04;0;0;0;1,07;0,01;0;0,18;0,07;0,13;0,48;2,49
PK01Z;21;32,43;115,02;8,22;8,63;4,44;4,28;0,87;0,04;1,45;0,17;13,67;68,66;257,89
PK01Z;22;6,48;22,93;1,92;2,02;0,84;0,84;0,19;0;0,25;0,08;2,66;12,37;50,58
PK01Z;23;10,43;24,69;6,29;1,05;0,41;0,05;0,09;0,02;0,21;0,04;0,01;0;43,29
PK01Z;24;0;0,35;0;0;0,77;0;0;0;0,01;0,01;0,09;0,37;1,61
PK01Z;25;0;5,13;0;0,56;5,23;0,13;0;0;0,21;0,06;0,64;2,62;14,59
PK01Z;26;0;0,33;0;0;0,43;0;0;0;0,01;0,03;0,16;0,42;1,39
PK02Z;9;0,07;0;0;0;0;0,11;0;0;0,01;0,36;0,03;0,06;0,63
PK02Z;10;0,04;0;0;0;0;1,13;0;0;0,82;2,49;0,06;0,46;4,99
PK02Z;11;0,23;0,03;0;0;0;0,65;0,01;0;0,02;0,14;0,07;0,21;1,36
PK02Z;21;14,26;100,9;5,91;4,78;2,7;1,02;1,06;0;0,82;0,27;16,84;72,08;220,65
PK02Z;22;10,95;43,81;2,14;2,8;1,42;0,88;0,31;0;0,36;0;5,23;29,71;97,62
PK02Z;23;11;23,04;6,01;1,48;0,16;0;0,18;0;0,21;0;0,01;0,05;42,15
PK02Z;24;0;0,04;0;0;2,6;0;0;0;0,17;0;0,27;0,96;4,04
PK02Z;25;0;2,26;0;1,04;5,81;0,03;0,01;0;0,18;0,11;0,95;3,12;13,51
PK02Z;26;0;0,01;0;0;0,33;0;0;0;0;0;0,01;0,34;0,69
PK03Z;4;0,03;0;0;0;0;0,03;0;0;0,02;0;0,02;0,03;0,13
PK03Z;5;0,04;0;0;0;0;0,02;0;0;0,01;0;0,01;0,01;0,08
PK03Z;7;0,01;0;0;0;0;0,01;0;0;0;0;0;0;0,02
PK03Z;8;0;0;0;0;0;0;0;0;0;0,02;0;0;0,02
PK03Z;9;0,2;0;0;0;0;0,25;0,01;0;0,02;0,67;0,1;0,14;1,39
PK03Z;10;0,06;0;0;0;0;0,52;0;0;0,38;0,76;0,06;0,25;2,03
PK03Z;11;0,31;0,03;0;0;0;0,87;0,01;0;0,13;0,12;0,07;0,36;1,89
PK03Z;21;26,78;98,8;7,3;5,62;2,83;3,02;0,85;0,01;1,09;0,14;12,66;59,62;218,71
PK03Z;22;10,34;41,35;2,46;2,22;0,86;1,22;0,22;0;0,33;0,01;4,02;21,21;84,23
PK03Z;23;11,02;25,78;4,7;0,83;0,33;0,01;0,08;0;0,16;0;0,02;0,14;43,07
PK03Z;24;0;0,2;0;0;0,83;0,14;0;0;0,02;0,01;0,06;0,42;1,68
PK03Z;25;0;5,45;0;1,08;5,36;0,1;0,01;0;0,2;0;0,72;3,35;16,26
PK03Z;26;0;0;0;0;0,19;0;0;0;0;0;0;0,19;0,38
PK04A;4;0,01;0;0;0;0;0;0;0;0;0;0;0;0,02
PK04A;5;0,01;0;0;0;0;0,01;0;0;0;0;0;0;0,03
PK04A;7;0,02;0;0;0;0;0,02;0;0;0;0;0;0,01;0,05
PK04A;8;0;0;0;0;0;0;0;0;0;0;0;0;0,01
PK04A;9;0,11;0;0;0;0;0,11;0;0;0,01;0,12;0,05;0,05;0,44
PK04A;10;0,06;0;0;0;0;0,41;0;0;0,31;0,67;0,05;0,22;1,73
PK04A;11;0,63;0,01;0;0;0;0,84;0;0;0,23;0,14;0,11;0,44;2,41
PK04A;21;29,58;113,83;8,88;5,55;4,21;3,92;0,78;0,01;3,16;0,09;16,21;69,92;256,12
PK04A;22;8,31;30,78;2,73;1,96;0,97;0,38;0,22;0;0,24;0;3,31;17,7;66,6
PK04A;23;9,86;31,99;6,18;1,08;0,86;0,01;0,04;0,02;0,12;0,01;0,01;0,07;50,24
PK04A;24;0,01;0,37;0;0;0,9;0;0;0;0,04;0,02;0,09;0,41;1,83
PK04A;25;0;3,65;0,01;0,65;4,75;0,23;0,01;0;0,2;0,02;0,84;2,93;13,29
PK04A;26;0;0,01;0;0;0,1;0;0;0;0;0;0,01;0,06;0,19
PK04B;7;0,01;0;0;0;0;0,01;0;0;0;0;0;0;0,02
PK04B;8;0;0;0;0;0;0;0;0;0;0;0;0;0,01
PK04B;9;0,07;0;0;0;0;0,07;0;0;0,01;0,13;0,03;0,04;0,35
PK04B;10;0,03;0;0;0;0;0,32;0;0;0,26;0,52;0,03;0,17;1,31
PK04B;11;0,36;0,03;0;0;0;0,82;0;0;0,11;0,06;0,08;0,33;1,79
PK04B;21;26,7;103,91;9,68;6,8;3,61;2,4;0,73;0;1,18;0,14;15,24;70,02;240,41
PK04B;22;5,74;20,28;1,36;1,49;0,58;0,71;0,12;0;0,24;0,01;2,35;13,35;46,23
PK04B;23;9,74;21,62;6,95;1,49;0,54;0,01;0,08;0,01;0,16;0,05;0,01;0,03;40,69
PK04B;24;0;0,11;0;0;1,29;0,02;0;0;0,05;0,02;0,1;0,64;2,23
PK04B;25;0,01;3,14;0,01;0,82;5,62;0,19;0,01;0;0,17;0,09;0,69;3,02;13,78
PK04B;26;0;0,09;0;0;0,19;0;0;0;0,01;0,01;0,03;0,17;0,5
PK10Z;4;0;0;0;0;0;0,01;0;0;0;0;0;0,01;0,02
PK10Z;7;0,04;0;0;0;0;0,04;0;0;0;0;0,01;0,03;0,13
PK10Z;8;0,05;0;0;0;0;0,03;0;0;0,01;0,01;0,01;0,04;0,15
PK10Z;9;0,1;0;0;0;0;0,11;0;0;0,02;0,13;0,05;0,06;0,47
PK10Z;10;0,07;0;0;0;0;0,42;0;0;0,31;0,86;0,04;0,2;1,9
PK10Z;11;0,61;0,02;0;0;0;0,69;0;0;0,13;0,09;0,13;0,4;2,06
PK10Z;21;31,41;106,65;10,06;5,98;3,56;6,59;0,78;0,03;1,95;0,01;16,11;77,49;260,63
PK10Z;22;5;20,24;1,97;0,7;0,46;0,51;0,14;0;0,26;0;1,65;12,02;42,95
PK10Z;23;10,27;31,56;9,52;1,08;1,97;0,02;0,1;0;0,26;0,02;0;0;54,8
PK10Z;24;0;0,2;0;0;1,66;0;0;0;0,05;0;0,12;0,54;2,57
PK10Z;25;0;3,54;0,19;0,89;5,09;0,03;0,01;0;0,18;0,02;0,92;3,03;13,9
PK10Z;26;0;0,04;0;0,01;0,14;0;0;0;0;0;0,03;0,09;0,3
PK14A;5;0;0;0;0;0;0;0;0;0;0;0;0;0,01
PK14A;7;0,01;0;0;0;0;0;0;0;0;0,01;0;0,01;0,03
PK14A;8;0,01;0;0;0;0;0,01;0;0;0;0;0;0;0,03
PK14A;9;0,05;0;0;0;0;0,05;0;0;0;0,08;0,01;0,03;0,21
PK14A;10;0,02;0;0;0;0;0,23;0;0;0,17;0,29;0,02;0,14;0,89
PK14A;11;0,24;0,03;0;0;0;0,74;0;0;0,04;0,06;0,07;0,27;1,44
PK14A;21;28,67;117,93;15,41;10,65;4,3;1,58;0,68;0;1,24;0,13;16,89;73,39;270,86
PK14A;22;6,04;21,95;1,53;2,17;0,46;0,37;0,14;0;0,21;0,02;2,03;10,92;45,85
PK14A;23;8,66;32,87;7,42;1,63;0,52;0;0,15;0,03;0,22;0,17;0,03;0,04;51,75
PK14A;24;0;0,04;0;0;3,08;0;0;0;0,16;0,09;0,31;1,48;5,16
PK14A;25;0;2,35;0;1,48;7,14;0,11;0,01;0;0,21;0,07;1;3,66;16,03
PK14A;26;0;0,89;0;0;0,66;0;0,01;0;0,06;0,16;0,42;0,93;3,13
PK14B;4;0;0;0;0;0;0;0;0;0;0;0;0;0,01
PK14B;5;0;0;0;0;0;0;0;0;0;0;0;0;0,01
PK14B;7;0,01;0;0;0;0;0;0;0;0;0;0;0,01;0,02
PK14B;8;0,01;0;0;0;0;0,01;0;0;0;0;0;0,01;0,04
PK14B;9;0,05;0;0;0;0;0,05;0;0;0,01;0,07;0,02;0,03;0,22
PK14B;10;0,02;0;0;0;0;0,36;0;0;0,3;0,49;0,04;0,19;1,4
PK14B;11;0,24;0,04;0;0;0;0,65;0;0;0,05;0,06;0,06;0,25;1,35
PK14B;21;28,59;107,82;9,49;8,99;3,87;2,47;0,81;0,01;1,13;0,16;15,75;67,81;246,9
PK14B;22;5,9;21,3;1,52;1,71;0,49;0,64;0,13;0;0,25;0,02;2,63;11,83;46,42
PK14B;23;8,56;28,49;6,31;1,89;0,7;0;0,1;0,02;0,18;0,08;0,01;0,02;46,37
PK14B;24;0;0,06;0;0;2,2;0;0;0;0,06;0,08;0,17;1,09;3,66
PK14B;25;0;1,94;0;1,22;5,66;0,16;0,01;0;0,17;0,07;0,63;2,62;12,48
PK14B;26;0;0,63;0;0;0,25;0;0;0;0,01;0,03;0,22;0,62;1,76
PP04A;4;0,04;0;0;0;0;0,05;0;0;0,03;0;0,02;0,05;0,19
PP04A;5;0,07;0;0;0;0;0,06;0,01;0;0,02;0;0,01;0,04;0,2
PP04A;8;0,26;0;0;0;0;0,2;0,01;0;0,09;0,15;0,1;0,18;0,99
PP04A;9;0,63;0;0;0;0;0,74;0,01;0;0,12;0,11;0,38;0,63;2,62
PP04A;10;0,13;0;0;0;0;0,77;0;0,08;0,55;2,59;0,11;0,36;4,6
PP04A;11;1,36;0,03;0;0;0;2,94;0,02;0;0,11;4,73;0,44;1,3;10,93
PP04A;21;40,15;66,83;3,78;0,68;0,68;8,98;2,36;0,52;1,24;0,14;15,26;75,83;216,45
PP04A;22;0,01;0,07;0;0;0;0;0;0;0;0;0,02;0,03;0,14
PP04A;23;9,42;4,85;7,84;0,25;0,08;0;0;0;0,01;0;0,36;0,74;23,56
PP04A;24;0,01;0;0;0;2,08;0,61;0;0;0;0;0,08;0,47;3,26
PP04A;25;0,21;0,5;0,06;0,18;1,96;0;0;0;0,06;0;0,07;0,58;3,62
PP04A;26;0,45;0,05;0,71;0;0,03;0;0;0;0;0;0,04;0,11;1,41
PP04B;4;0,02;0;0;0;0;0,01;0;0;0,01;0;0,01;0,02;0,06
PP04B;5;0,02;0;0;0;0;0,02;0;0;0;0;0;0,01;0,05
PP04B;7;0,01;0;0;0;0;0;0;0;0,01;0;0,01;0,01;0,03
PP04B;8;0,07;0;0;0;0;0,07;0;0;0,05;0,03;0,04;0,06;0,32
PP04B;9;0,21;0;0;0;0;0,23;0;0;0,03;0,02;0,1;0,17;0,76
PP04B;10;0,1;0;0;0;0;0,54;0;0;0,41;0,3;0,06;0,23;1,65
PP04B;11;0,91;0,01;0;0;0;1,35;0,02;0;0,07;0,22;0,2;0,56;3,33
PP04B;21;32,61;48,2;5,77;1,65;1,86;1,78;1,7;0,11;1,07;0,07;13,52;59,2;167,55
PP04B;22;0,07;0,14;0;0;0;0,01;0,01;0;0;0;0,04;0,13;0,39
PP04B;23;17,95;3,45;6,63;0,52;0,25;0;0,07;0;0,05;0,14;0,03;0,16;29,25
PP04B;24;0,02;0;0;0;5,6;0,22;0;0;0,03;0,11;0,18;1,27;7,42
PP04B;25;0,23;1,47;0,06;0,29;4,05;0;0;0;0,09;0,18;0,31;1,77;8,44
PP04B;26;0,03;0;0,01;0;0,04;0;0;0;0;0;0;0,01;0,1
PP04C;4;0,01;0;0;0;0;0,01;0;0;0;0;0,01;0,01;0,04
PP04C;5;0,01;0;0;0;0;0;0;0;0;0;0;0;0,01
PP04C;7;0;0;0;0;0;0;0;0;0;0;0;0;0,02
PP04C;8;0,05;0;0;0;0;0,06;0;0;0,02;0,01;0,02;0,04;0,2
PP04C;9;0,11;0;0;0;0;0,13;0;0;0,01;0,07;0,06;0,08;0,46
PP04C;10;0,06;0;0;0;0;0,35;0;0;0,26;0,34;0,04;0,15;1,2
PP04C;11;0,49;0,02;0;0;0;0,82;0,01;0;0,05;0,37;0,13;0,36;2,25
PP04C;21;32,13;47,36;6,28;1,72;2,12;1,69;1,58;0,03;0,9;0,07;13,25;57,96;165,09
PP04C;22;0,07;0,16;0,02;0,01;0;0;0,01;0;0;0;0,03;0,13;0,43
PP04C;23;16,16;3,56;7,35;0,75;0,24;0;0,08;0;0,06;0;0,04;0,12;28,35
PP04C;24;0,02;0;0;0;4,77;0,13;0;0;0,03;0,16;0,12;1,16;6,39
PP04C;25;0,38;1,18;0,1;0,22;4,55;0;0;0;0,08;0,31;0,38;1,77;8,98
PP04C;26;0,06;0,01;0,06;0;0;0;0;0;0;0;0;0,01;0,14
PP10A;4;0,02;0;0;0;0;0,03;0;0;0,01;0;0,02;0,02;0,11
PP10A;5;0,01;0;0;0;0;0,01;0;0;0;0;0;0;0,01
PP10A;7;0,01;0;0;0;0;0;0;0;0,01;0;0,01;0,01;0,04
PP10A;8;0,04;0;0;0;0;0,05;0;0;0,04;0,04;0,03;0,06;0,26
PP10A;9;0,17;0;0;0;0;0,18;0;0;0,03;0,03;0,12;0,14;0,68
PP10A;10;0,1;0;0;0;0;0,61;0;0,01;0,66;1,24;0,08;0,26;2,95
PP10A;11;0,82;0,02;0;0;0;1,79;0,01;0;0,09;0,63;0,3;0,68;4,34
PP10A;21;46,72;59,3;9,41;1,87;2,42;5,47;2,25;0,13;1,51;0,01;15,35;69,14;213,58
PP10A;22;0,52;0,88;0,05;0,04;0,07;0,01;0,04;0;0,02;0;0,19;0,71;2,54
PP10A;23;9,59;7,44;5,14;0,66;0,35;0;0,04;0;0,05;0;0,07;0,21;23,54
PP10A;24;0;0;0;0;2,65;0,03;0;0;0,01;0;0,12;0,67;3,49
PP10A;25;0;1,91;0;0,45;3,4;0;0,01;0;0,09;0;0,32;1,8;7,98
PP10A;26;0,18;0,01;0,19;0;0,05;0;0;0;0;0;0,02;0,04;0,49
PP10B;4;0,02;0;0;0;0;0,02;0;0,02;0,01;0,03;0,01;0,02;0,12
PP10B;5;0,01;0;0;0;0;0;0;0;0;0;0;0;0,01
PP10B;8;0,05;0;0;0;0;0,04;0;0;0,01;0,04;0,01;0,04;0,2
PP10B;9;0,12;0;0;0;0;0,12;0;0,01;0,02;0,03;0,06;0,08;0,44
PP10B;10;0,08;0;0;0;0;0,41;0;0;0,32;0,51;0,05;0,18;1,55
PP10B;11;0,48;0,02;0;0;0;1,24;0,01;0;0,07;0,34;0,17;0,44;2,77
PP10B;21;39,98;51,35;8;1,92;3,32;2,57;1,48;0;0,95;0,07;12,71;59,11;181,47
PP10B;23;11,55;7,52;5,6;0,97;0,41;0;0,08;0;0,09;0;0,05;0,16;26,43
PP10B;24;0;0;0;0;3,42;0;0;0;0,02;0,01;0,11;0,97;4,54
PP10B;25;0;2,02;0;0,46;4,51;0;0,01;0;0,07;0,01;0,41;2,37;9,86
PP10B;26;0,13;0,01;0,17;0;0,01;0;0;0;0;0;0,01;0,02;0,35
PP14Z;8;0,04;0;0;0;0;0,03;0;0;0,01;0;0,02;0,02;0,12
PP14Z;9;0,09;0;0;0;0;0,09;0;0;0,01;0,07;0,04;0,06;0,36
PP14Z;10;0,07;0;0;0;0;0,36;0;0;0,28;0,25;0,04;0,13;1,13
PP14Z;11;0,51;0,03;0;0;0;0,54;0,01;0;0,03;0,02;0,08;0,25;1,47
PP14Z;21;34,24;55,5;10,18;2,32;3,57;0,73;1,65;0;0,52;0,2;14,32;58,12;181,34
PP14Z;22;0,06;0,26;0;0;0,01;0;0,01;0;0;0;0,03;0,11;0,48
PP14Z;23;12,22;5,96;7,38;0,93;0,07;0;0,19;0;0,05;0;0,03;0,06;26,89
PP14Z;24;0;0;0;0;2,01;0,11;0;0;0,01;0,05;0,05;0,56;2,79
PP14Z;25;0,04;0,39;0,01;0,07;4,55;0;0,01;0;0,08;0,08;0,2;1,52;6,95
PP14Z;26;0,04;0,01;0,12;0;0;0;0;0;0;0;0,01;0,02;0,2
TA02Z;4;0;0;0;0;0;0;0;0;0;0;0;0;0,02
TA02Z;7;0;0;0;0;0;0;0;0;0;0;0;0;0,01
TA02Z;8;0;0;0;0;0;0;0;0;0;0;0;0;0,01
TA02Z;9;0,11;0;0;0;0;0,11;0;0;0,01;0,12;0,03;0,06;0,44
TA02Z;10;0,17;0;0;0;0;1,17;0;0;0,68;0,68;0,08;0,61;3,39
TA02Z;11;1,2;0,7;0;0;0;0,6;0,02;0;0,05;0,01;0,13;0,88;3,59
TA02Z;21;22,14;33,73;5,3;5,05;6,43;0,39;1,36;0;0,8;0,28;14,24;46,44;136,16
TA02Z;22;0,25;0,8;0,04;0,08;0,06;0,01;0,02;0;0,03;0;0,28;1,01;2,57
TA02Z;23;6,1;6,66;4,53;1,31;0,21;0,01;0,1;0;0,06;0,01;0;0;18,99
TA02Z;24;0,01;0,03;0;0,01;0,93;0,01;0;0;0,01;0,07;0,03;0,42;1,52
TA02Z;25;0,03;2,25;0,02;0,39;4,24;0,22;0,03;0;0,16;0,01;0,33;2,62;10,28
TA02Z;26;0,01;0,03;0;0,02;0,18;0;0;0;0;0;0,01;0,21;0,46
TA15Z;5;0,66;0;0;0;0;0,54;0,06;0,01;0,19;0;0,1;0,2;1,75
TA15Z;7;0,01;0;0;0;0;0,02;0;0;0;0;0;0,01;0,05
TA15Z;9;0,3;0;0;0;0;0,44;0;0;0,11;1,84;0,21;0,38;3,29
TA15Z;10;0,16;0;0;0;0;0,87;0;0;0,77;2,86;0,14;0,35;5,15
TA15Z;11;1,51;0,2;0;0;0;1,01;0,01;0;0,08;0,07;0,2;0,74;3,82
TA15Z;21;26,42;36,54;6,91;4,63;3,93;2,88;3,12;0,01;3,21;0,21;11,57;54;153,44
TA15Z;22;0,96;1,55;0,18;0,08;0,1;0,01;0,05;0;0,06;0;0,22;1,08;4,3
TA15Z;23;4,24;8,3;9,85;0,88;0,35;1,29;0,05;0,06;0,05;0;0;0;25,08
TA15Z;24;0,01;0,01;0;0,02;1,12;0,01;0;0;0,03;0,02;0,04;0,58;1,83
TA15Z;25;0,01;1,03;0,02;0,12;10,16;0,66;0;0;0,28;0,01;0,9;5,68;18,88
TA15Z;26;0;0,02;0;0,02;0,09;0;0,02;0;0,26;0;0,02;0,17;0,59
TA19Z;5;0,01;0;0;0;0;0,01;0;0;0;0,01;0;0;0,04
TA19Z;7;0,01;0;0;0;0;0,01;0;0;0;0;0;0;0,02
TA19Z;8;0,02;0;0;0;0;0,02;0;0;0,01;0;0,01;0,01;0,07
TA19Z;9;0,21;0;0;0;0;0,25;0,01;0;0,06;0,43;0,1;0,17;1,23
TA19Z;10;0,04;0;0;0;0;0,38;0;0;0,36;0,64;0,05;0,17;1,63
TA19Z;11;0,47;0,29;0;0;0;0,9;0,01;0;0,04;0,1;0,08;0,41;2,31
TA19Z;21;21,67;34,04;7,47;5,12;4,37;2,57;2,44;0,06;2,05;0,19;11,16;47,98;139,13
TA19Z;22;0,25;0,38;0,06;0,05;0,08;0,02;0,02;0;0,03;0;0,13;0,48;1,51
TA19Z;23;4,63;6,24;4,59;1,03;0,41;0,02;0,11;0,04;0,08;0,08;0;0;17,22
TA19Z;24;0,01;0,06;0,06;0,01;1,14;0,04;0;0;0,09;0,05;0,06;0,57;2,1
TA19Z;25;0,06;0,87;0,03;0,08;9,36;0,54;0,02;0;0,29;0,07;0,79;4,44;16,55
TA19Z;26;0,01;0,03;0;0;0,04;0,02;0;0;0,01;0;0;0,06;0,19
TA20Z;5;0,02;0;0;0;0;0,02;0;0;0,01;0;0;0,01;0,06
TA20Z;7;0,01;0;0;0;0;0,01;0;0;0;0;0;0;0,02
TA20Z;8;0,01;0;0;0;0;0,01;0;0;0;0;0;0;0,02
TA20Z;9;0,09;0;0;0;0;0,1;0;0;0,01;0,28;0,05;0,06;0,6
TA20Z;10;0,03;0;0;0;0;0,35;0;0;0,32;0,45;0,05;0,15;1,35
TA20Z;11;0,3;0,14;0;0;0;0,46;0;0;0,03;0,12;0,07;0,27;1,38
TA20Z;21;21,36;26,79;6,46;4,25;4,55;1,53;1,85;0,09;1,21;0,21;9,16;41,9;119,37
TA20Z;22;0,58;0,54;0,06;0,09;0,13;0,02;0,02;0,01;0,05;0;0,2;0,88;2,59
TA20Z;23;5,94;6,93;4,99;1,65;0,33;0,03;0,13;0,01;0,11;0,13;0;0,01;20,25
TA20Z;24;0,06;0,04;0,01;0,02;1,09;0,07;0,01;0;0,04;0,1;0,05;0,6;2,1
TA20Z;25;0,14;1,09;0,08;0,14;9,11;0,31;0,03;0;0,3;0,24;0,57;4,12;16,12
TA20Z;26;0,05;0,06;0,01;0,05;0,11;0,03;0;0;0,01;0,01;0,01;0,15;0,48
TK04Z;4;0;0;0;0;0;0;0;0;0;0;0;0;0,01
TK04Z;5;0;0;0;0;0;0;0;0;0;0;0;0;0,01
TK04Z;7;0,01;0;0;0;0;0,01;0;0;0;0;0;0,01;0,04
TK04Z;9;0,02;0;0;0;0;0,03;0;0;0;0,01;0,01;0,02;0,1
TK04Z;10;0,01;0;0;0;0;0,19;0;0;0,15;0,33;0,02;0,09;0,8
TK04Z;11;0,17;0,02;0;0;0;0,44;0;0;0,08;0,14;0,05;0,21;1,1
TK04Z;21;30,19;53,93;17,39;7,53;3,75;6,82;0,62;0;1,43;0,26;14,11;63,97;200
TK04Z;22;0,07;0,06;0,05;0,02;0,01;0,02;0;0;0;0;0,04;0,13;0,39
TK04Z;23;9,28;18,74;9,82;2,02;0,47;0;0,1;0;0,21;0;0;0;40,65
TK04Z;24;0;0,27;0;0;1,09;0,05;0;0;0,07;0,03;0,14;0,53;2,18
TK04Z;25;0;6,21;0,04;0,73;6,83;0,48;0,01;0;0,21;0,03;0,99;3,97;19,5
TK04Z;26;0;0,39;0;0,01;0,33;0;0;0;0,01;0,01;0,16;0,39;1,3
TK14Z;7;0,02;0;0;0;0;0,02;0;0;0;0;0;0,01;0,05
TK14Z;8;0,01;0;0;0;0;0;0;0;0;0;0;0;0,01
TK14Z;9;0,02;0;0;0;0;0,03;0;0;0;0,04;0,01;0,02;0,12
TK14Z;10;0,02;0;0;0;0;0,15;0;0;0,12;0,25;0,01;0,06;0,62
TK14Z;11;0,18;0,01;0;0;0;0,41;0;0;0,08;0,1;0,04;0,19;1,01
TK14Z;21;31,05;56,51;20,35;9,04;4,39;8,62;0,74;0,01;1,6;0,29;14,73;62,64;209,97
TK14Z;22;0,22;0,2;0,14;0,08;0,03;0;0;0;0,01;0;0,11;0,32;1,1
TK14Z;23;8,55;20,71;8,92;2,49;0,5;0;0,08;0;0,19;0,01;0;0;41,45
TK14Z;24;0;0,33;0;0,04;1,43;0;0;0;0,09;0,08;0,18;0,64;2,77
TK14Z;25;0;4,2;0,03;1,36;6,6;0,72;0,01;0;0,22;0,04;1,08;3,75;18,01
TK14Z;26;0;1,03;0;0,01;0,28;0;0;0;0,01;0,02;0,41;0,92;2,69
TP20Z;4;0,01;0;0;0;0;0,01;0;0;0;0;0;0;0,02
TP20Z;7;0,01;0;0;0;0;0;0;0;0;0;0;0,01;0,02
TP20Z;8;0,01;0;0;0;0;0,01;0;0;0,01;0;0;0,01;0,04
TP20Z;9;0,09;0;0;0;0;0,08;0;0;0,01;0;0,03;0,05;0,27
TP20Z;10;0,06;0;0;0;0;0,33;0;0;0,28;0,12;0,04;0,15;0,98
TP20Z;11;0,42;0,04;0;0;0;1,2;0,02;0;0,03;0;0,11;0,34;2,16
TP20Z;21;32,15;35,12;7,39;3,13;2,78;1,94;1,15;0,01;0,81;0,01;13,25;42,98;140,74
TP20Z;23;16,42;5,91;12,02;1,11;0,36;0;0,06;0;0,11;0;0;0;35,99
TP20Z;24;0,06;0;0;0;3,47;0,4;0;0;0,03;0;0,2;1,34;5,51
TP20Z;25;0,18;2,66;0,2;0,37;8,81;0;0,01;0;0,39;0;1,22;3,18;17,03
TP20Z;26;0;0;0;0;0;0;0;0;0;0;0;0;0,01
