ko_Pepp;ko_BereichNr;ko_KArt1;ko_KArt2;ko_KArt3a;ko_KArt3b;ko_KArt3c;ko_KArt3;ko_KArt4a;ko_KArt4b;ko_KArt5;ko_KArt6a;ko_KArt6b;ko_KArt6c;ko_KArt7;ko_KArt8
P002Z;21;21,74;77,02;10,13;4,02;3,12;2,14;0,49;0,05;0,00;1,03;0,04;0,07;9,14;38,50
P002Z;22;31,10;108,93;14,48;6,03;4,97;0,86;0,68;0,02;0,00;1,32;0,00;0,17;11,75;51,93
P002Z;23;12,85;116,32;8,05;1,79;0,46;0,00;0,05;0,00;0,00;0,18;0,00;0,01;0,00;0,00
P002Z;24;0,00;0,02;0,00;0,00;0,84;0,00;0,00;0,00;0,00;0,03;0,00;0,04;0,03;0,33
P002Z;25;0,00;1,03;0,00;0,31;7,42;0,50;0,00;0,00;0,00;0,25;0,00;0,00;0,33;3,25
P002Z;26;0,00;0,01;0,00;0,00;0,04;0,00;0,00;0,00;0,00;0,00;0,00;0,00;0,00;0,01
P002Z;8;0,01;0,00;0,00;0,00;0,00;0,01;0,00;0,00;0,00;0,00;0,00;0,00;0,00;0,01
P002Z;9;0,09;0,00;0,00;0,00;0,00;0,10;0,00;0,00;0,00;0,01;0,00;0,24;0,04;0,06
P002Z;10;0,05;0,00;0,00;0,00;0,00;0,36;0,00;0,00;0,00;0,37;0,00;0,62;0,04;0,16
P002Z;11;0,24;0,00;0,00;0,00;0,00;0,36;0,00;0,00;0,00;0,02;0,00;0,35;0,05;0,11
P002Z;12;0,00;0,00;0,00;0,00;0,00;0,02;0,00;0,00;0,00;0,00;0,00;0,00;0,00;0,01
P002Z;13;0,05;0,02;0,00;0,00;0,00;0,04;0,00;0,00;0,00;0,00;0,00;0,00;0,01;0,03
P003A;21;11,83;35,25;1,66;1,27;1,23;0,52;0,70;0,24;0,00;0,62;0,03;0,23;3,97;20,81
P003A;22;32,30;107,86;3,62;4,09;3,11;1,68;1,96;0,10;0,00;1,89;0,11;0,65;11,46;54,96
P003A;23;10,11;58,20;1,46;1,30;0,50;0,00;1,12;0,01;0,00;1,27;0,00;0,00;0,00;0,00
P003A;24;0,00;0,00;0,00;0,00;0,53;0,00;0,00;0,00;0,00;0,01;0,00;0,01;0,02;0,19
P003A;25;0,00;0,10;0,01;0,00;2,11;0,00;0,01;0,00;0,00;0,11;0,00;0,02;0,08;0,93
P003A;26;0,00;0,00;0,00;0,27;0,16;0,00;0,00;0,00;0,00;0,00;0,00;0,00;0,02;0,12
P003A;4;0,01;0,00;0,00;0,00;0,00;0,01;0,00;0,00;0,00;0,00;0,00;0,00;0,00;0,00
P003A;5;0,12;0,00;0,00;0,00;0,00;0,14;0,02;0,00;0,00;0,04;0,00;0,00;0,02;0,06
P003A;8;0,03;0,00;0,00;0,00;0,00;0,03;0,00;0,00;0,00;0,02;0,01;0,30;0,02;0,02
P003A;9;0,28;0,00;0,00;0,00;0,00;0,30;0,01;0,00;0,00;0,03;0,01;0,42;0,13;0,23
P003A;10;0,07;0,00;0,00;0,00;0,00;0,60;0,01;0,03;0,00;0,66;0,00;1,12;0,06;0,25
P003A;11;0,52;0,07;0,00;0,00;0,00;0,35;0,00;0,00;0,00;0,03;0,03;0,21;0,06;0,18
P003A;12;0,01;0,00;0,00;0,00;0,00;0,07;0,00;0,00;0,00;0,00;0,00;0,47;0,00;0,02
P003A;13;0,37;0,45;0,00;0,00;0,00;0,16;0,00;0,00;0,00;0,03;0,00;0,00;0,04;0,20
P003B;21;11,97;34,65;1,71;1,71;1,43;0,33;0,74;0,18;0,00;0,74;0,03;0,10;4,44;21,58
P003B;22;29,93;97,83;3,90;3,64;3,12;1,26;1,82;0,14;0,00;2,17;0,14;0,61;11,54;50,59
P003B;23;7,93;51,92;1,52;0,98;0,56;0,00;0,81;0,00;0,00;1,37;0,00;0,02;0,02;0,29
P003B;24;0,00;0,00;0,04;0,01;0,68;0,00;0,00;0,00;0,00;0,01;0,00;0,06;0,03;0,26
P003B;25;0,01;0,14;0,00;0,02;2,44;0,01;0,01;0,00;0,00;0,08;0,00;0,12;0,11;0,95
P003B;26;0,00;0,01;0,00;0,08;0,03;0,06;0,00;0,00;0,00;0,00;0,00;0,00;0,01;0,04
P003B;4;0,04;0,00;0,00;0,00;0,00;0,03;0,00;0,00;0,00;0,01;0,00;0,00;0,02;0,03
P003B;5;0,12;0,00;0,00;0,00;0,00;0,10;0,01;0,00;0,00;0,03;0,00;0,00;0,01;0,04
P003B;8;0,16;0,00;0,00;0,00;0,00;0,09;0,01;0,00;0,00;0,06;0,00;0,00;0,06;0,06
P003B;9;0,46;0,00;0,00;0,00;0,00;0,48;0,01;0,00;0,00;0,06;0,01;0,55;0,22;0,35
P003B;10;0,08;0,00;0,00;0,00;0,00;0,73;0,01;0,01;0,00;0,83;0,00;1,11;0,08;0,37
P003B;11;0,67;0,07;0,00;0,00;0,00;0,45;0,01;0,00;0,00;0,04;0,01;0,16;0,08;0,24
P003B;12;0,02;0,00;0,00;0,00;0,00;0,09;0,00;0,00;0,00;0,00;0,00;0,05;0,00;0,03
P003B;13;0,35;0,39;0,00;0,00;0,00;0,21;0,01;0,00;0,00;0,04;0,00;0,00;0,06;0,23
P003C;21;11,95;35,25;1,86;1,75;1,65;0,34;0,74;0,35;0,00;0,72;0,05;0,25;5,47;25,14
P003C;22;25,34;80,77;2,93;3,53;3,24;1,07;1,56;0,45;0,00;1,72;0,08;0,36;10,16;45,90
P003C;23;6,63;31,30;1,79;0,92;0,14;0,00;0,38;0,02;0,00;0,82;0,00;0,01;0,00;0,00
P003C;24;0,00;0,01;0,00;0,00;0,73;0,00;0,00;0,00;0,00;0,00;0,00;0,03;0,02;0,25
P003C;25;0,00;0,10;0,01;0,00;2,89;0,00;0,01;0,00;0,00;0,12;0,00;0,14;0,12;1,01
P003C;26;0,00;0,00;0,00;0,06;0,03;0,08;0,00;0,00;0,00;0,00;0,00;0,00;0,01;0,04
P003C;4;0,03;0,00;0,00;0,00;0,00;0,03;0,00;0,01;0,00;0,02;0,03;0,00;0,02;0,03
P003C;5;0,07;0,00;0,00;0,00;0,00;0,05;0,01;0,00;0,00;0,02;0,00;0,00;0,01;0,03
P003C;8;0,06;0,00;0,00;0,00;0,00;0,07;0,01;0,00;0,00;0,05;0,00;0,12;0,06;0,05
P003C;9;0,28;0,00;0,00;0,00;0,00;0,40;0,00;0,00;0,00;0,04;0,02;0,73;0,14;0,22
P003C;10;0,04;0,00;0,00;0,00;0,00;0,55;0,01;0,00;0,00;0,73;0,00;1,20;0,06;0,25
P003C;11;0,57;0,04;0,00;0,00;0,00;0,38;0,00;0,00;0,00;0,04;0,00;0,20;0,07;0,19
P003C;12;0,00;0,01;0,00;0,00;0,00;0,04;0,00;0,00;0,00;0,00;0,00;0,12;0,00;0,02
P003C;13;0,40;0,77;0,00;0,00;0,00;0,25;0,01;0,00;0,00;0,06;0,00;0,00;0,07;0,32
PA01A;21;11,70;45,61;1,74;2,03;1,89;0,98;0,71;0,10;0,00;0,66;0,07;0,10;5,59;29,20
PA01A;22;19,87;82,63;3,17;4,86;3,20;0,66;1,37;0,17;0,00;1,48;0,14;0,23;8,19;46,62
PA01A;23;3,99;25,79;1,43;0,83;0,76;0,00;0,24;0,00;0,00;0,19;0,00;0,00;0,00;0,01
PA01A;24;0,00;0,00;0,00;0,00;0,56;0,00;0,00;0,00;0,00;0,00;0,00;0,03;0,02;0,21
PA01A;25;0,01;0,13;0,01;0,31;3,58;0,34;0,01;0,00;0,00;0,23;0,00;0,02;0,20;1,69
PA01A;26;0,01;0,00;0,01;0,02;0,01;0,02;0,00;0,00;0,00;0,00;0,00;0,00;0,00;0,01
PA01A;4;0,01;0,00;0,00;0,00;0,00;0,01;0,00;0,00;0,01;0,01;0,01;0,00;0,01;0,01
PA01A;5;0,01;0,00;0,00;0,00;0,00;0,01;0,00;0,00;0,00;0,00;0,00;0,00;0,00;0,00
PA01A;8;0,05;0,00;0,00;0,00;0,00;0,01;0,00;0,00;0,00;0,00;0,00;0,02;0,00;0,02
PA01A;9;0,11;0,00;0,00;0,00;0,00;0,18;0,00;0,00;0,00;0,02;0,00;0,53;0,06;0,11
PA01A;10;0,04;0,00;0,00;0,00;0,00;0,50;0,01;0,00;0,00;0,59;0,02;1,06;0,08;0,29
PA01A;11;0,40;0,05;0,00;0,00;0,00;0,51;0,00;0,00;0,00;0,05;0,00;0,07;0,07;0,25
PA01A;12;0,00;0,00;0,00;0,00;0,00;0,02;0,00;0,00;0,00;0,00;0,00;0,00;0,00;0,01
PA01A;13;0,39;0,71;0,00;0,00;0,00;0,21;0,01;0,00;0,00;0,02;0,00;0,00;0,07;0,33
PA01B;21;19,86;65,94;3,67;3,42;2,90;1,29;1,16;0,21;0,00;0,92;0,16;0,17;9,26;46,77
PA01B;22;10,30;39,23;1,88;2,37;1,72;0,40;0,67;0,08;0,00;0,70;0,07;0,15;4,76;25,71
PA01B;23;3,89;14,79;2,88;0,94;1,33;0,00;0,20;0,00;0,00;0,16;0,00;0,00;0,00;0,06
PA01B;24;0,01;0,01;0,00;0,00;0,68;0,00;0,00;0,00;0,00;0,00;0,03;0,05;0,06;0,24
PA01B;25;0,02;0,27;0,01;0,10;4,90;0,32;0,01;0,00;0,00;0,23;0,00;0,04;0,29;2,12
PA01B;26;0,02;0,01;0,02;0,04;0,01;0,01;0,00;0,00;0,00;0,00;0,00;0,01;0,00;0,02
PA01B;8;0,08;0,00;0,00;0,00;0,00;0,01;0,00;0,00;0,00;0,00;0,00;0,00;0,00;0,04
PA01B;9;0,14;0,00;0,00;0,00;0,00;0,19;0,00;0,00;0,00;0,04;0,00;0,65;0,06;0,11
PA01B;10;0,04;0,00;0,00;0,00;0,00;0,47;0,01;0,00;0,00;0,56;0,03;0,98;0,07;0,33
PA01B;11;0,37;0,04;0,00;0,00;0,00;0,48;0,00;0,00;0,00;0,04;0,01;0,11;0,06;0,23
PA01B;12;0,00;0,00;0,00;0,00;0,00;0,01;0,00;0,00;0,00;0,00;0,00;0,00;0,00;0,00
PA01B;13;0,53;0,73;0,00;0,00;0,00;0,31;0,01;0,00;0,00;0,03;0,00;0,00;0,08;0,37
PA02A;21;20,32;70,47;3,72;4,85;2,14;1,81;1,47;0,28;0,00;1,50;0,12;0,15;9,80;48,45
PA02A;22;12,08;41,21;1,96;2,37;1,20;0,45;0,90;0,37;0,00;0,77;0,03;0,16;5,67;26,46
PA02A;23;3,72;9,09;1,64;1,33;0,44;0,00;0,07;0,09;0,00;0,06;0,00;0,00;0,00;0,00
PA02A;24;0,00;0,00;0,02;0,00;0,47;0,00;0,00;0,00;0,00;0,01;0,00;0,01;0,02;0,19
PA02A;25;0,06;0,46;0,04;0,03;3,17;0,07;0,00;0,00;0,00;0,08;0,00;0,07;0,16;1,37
PA02A;26;0,00;0,02;0,00;0,03;0,02;0,00;0,00;0,00;0,00;0,00;0,00;0,01;0,00;0,02
PA02A;4;0,01;0,00;0,00;0,00;0,00;0,01;0,00;0,00;0,00;0,00;0,00;0,00;0,01;0,01
PA02A;5;0,02;0,00;0,00;0,00;0,00;0,01;0,00;0,00;0,00;0,00;0,00;0,00;0,00;0,00
PA02A;8;0,01;0,00;0,00;0,00;0,00;0,00;0,00;0,00;0,00;0,00;0,00;0,00;0,00;0,01
PA02A;9;0,11;0,00;0,00;0,00;0,00;0,16;0,00;0,00;0,00;0,03;0,00;0,20;0,05;0,10
PA02A;10;0,21;0,00;0,00;0,00;0,00;1,68;0,05;0,00;0,00;1,87;0,02;3,69;0,18;0,84
PA02A;11;0,45;0,21;0,00;0,00;0,00;0,52;0,00;0,00;0,00;0,06;0,01;0,20;0,12;0,29
PA02A;12;0,01;0,00;0,00;0,00;0,00;0,02;0,00;0,00;0,00;0,00;0,00;0,01;0,00;0,01
PA02A;13;0,75;1,01;0,00;0,00;0,00;0,36;0,01;0,00;0,00;0,04;0,00;0,00;0,10;0,50
PA02B;21;20,19;64,35;3,59;4,50;2,25;1,71;1,18;0,23;0,00;1,49;0,08;0,19;10,20;46,81
PA02B;22;11,52;37,66;1,87;2,00;1,19;0,46;0,71;0,25;0,00;0,68;0,03;0,41;5,50;23,15
PA02B;23;4,18;8,10;1,56;1,34;0,43;0,00;0,07;0,04;0,00;0,10;0,00;0,01;0,00;0,00
PA02B;24;0,00;0,01;0,01;0,00;0,54;0,00;0,00;0,00;0,00;0,01;0,00;0,04;0,03;0,25
PA02B;25;0,04;0,41;0,03;0,03;2,65;0,06;0,00;0,00;0,00;0,10;0,00;0,09;0,15;1,16
PA02B;26;0,01;0,02;0,00;0,03;0,02;0,00;0,00;0,00;0,00;0,00;0,00;0,02;0,01;0,01
PA02B;8;0,03;0,00;0,00;0,00;0,00;0,02;0,00;0,00;0,00;0,01;0,01;0,00;0,01;0,02
PA02B;9;0,18;0,00;0,00;0,00;0,00;0,22;0,00;0,00;0,00;0,04;0,02;0,28;0,08;0,13
PA02B;10;0,22;0,00;0,00;0,00;0,00;1,42;0,02;0,00;0,00;1,54;0,05;2,59;0,18;0,66
PA02B;11;0,40;0,12;0,00;0,00;0,00;0,51;0,00;0,00;0,00;0,05;0,01;0,14;0,09;0,28
PA02B;12;0,01;0,00;0,00;0,00;0,00;0,06;0,00;0,00;0,00;0,00;0,00;0,02;0,00;0,02
PA02B;13;0,70;0,82;0,01;0,00;0,00;0,43;0,01;0,00;0,00;0,05;0,00;0,00;0,09;0,49
PA02C;21;22,81;65,63;4,07;4,57;2,46;1,73;1,14;0,12;0,00;1,24;0,05;0,18;11,45;49,65
PA02C;22;8,31;25,45;1,25;1,32;0,87;0,31;0,44;0,01;0,00;0,48;0,00;0,26;4,13;16,16
PA02C;23;4,41;8,76;1,75;1,55;0,33;0,00;0,07;0,00;0,00;0,12;0,00;0,01;0,00;0,01
PA02C;24;0,00;0,02;0,00;0,00;0,69;0,00;0,00;0,00;0,00;0,01;0,01;0,04;0,03;0,33
PA02C;25;0,02;0,36;0,02;0,07;3,12;0,13;0,01;0,00;0,00;0,13;0,00;0,13;0,16;1,37
PA02C;26;0,01;0,03;0,00;0,02;0,01;0,00;0,00;0,00;0,00;0,00;0,00;0,01;0,00;0,02
PA02C;4;0,01;0,00;0,00;0,00;0,00;0,01;0,00;0,00;0,00;0,00;0,00;0,00;0,00;0,01
PA02C;5;0,01;0,00;0,00;0,00;0,00;0,00;0,00;0,00;0,00;0,00;0,00;0,00;0,00;0,00
PA02C;7;0,00;0,00;0,00;0,00;0,00;0,01;0,00;0,00;0,00;0,00;0,00;0,00;0,00;0,00
PA02C;8;0,02;0,00;0,00;0,00;0,00;0,01;0,00;0,00;0,00;0,00;0,00;0,00;0,01;0,01
PA02C;9;0,26;0,00;0,00;0,00;0,00;0,29;0,01;0,00;0,00;0,05;0,00;0,43;0,10;0,18
PA02C;10;0,18;0,00;0,00;0,00;0,00;1,02;0,02;0,00;0,00;1,01;0,03;1,60;0,14;0,42
PA02C;11;0,47;0,13;0,00;0,00;0,00;0,55;0,00;0,00;0,00;0,05;0,00;0,15;0,10;0,28
PA02C;12;0,01;0,00;0,00;0,00;0,00;0,06;0,00;0,00;0,00;0,00;0,00;0,03;0,00;0,02
PA02C;13;0,63;0,83;0,00;0,00;0,00;0,34;0,01;0,00;0,00;0,05;0,00;0,00;0,08;0,42
PA02D;21;21,98;62,92;3,44;4,04;2,42;1,14;1,14;0,06;0,00;1,13;0,04;0,18;10,98;46,50
PA02D;22;10,84;32,05;1,50;1,68;1,14;0,38;0,60;0,02;0,00;0,59;0,01;0,29;4,98;19,70
PA02D;23;4,97;7,55;1,43;1,13;0,24;0,00;0,05;0,02;0,00;0,06;0,00;0,00;0,00;0,01
PA02D;24;0,00;0,01;0,00;0,00;0,39;0,00;0,00;0,00;0,00;0,01;0,00;0,01;0,04;0,17
PA02D;25;0,03;0,22;0,02;0,03;2,35;0,09;0,00;0,00;0,00;0,08;0,00;0,08;0,15;0,98
PA02D;26;0,01;0,02;0,00;0,02;0,02;0,00;0,00;0,00;0,00;0,00;0,00;0,02;0,01;0,01
PA02D;8;0,03;0,00;0,00;0,00;0,00;0,02;0,00;0,00;0,00;0,01;0,00;0,00;0,01;0,01
PA02D;9;0,25;0,00;0,00;0,00;0,00;0,26;0,00;0,00;0,00;0,05;0,00;0,41;0,10;0,17
PA02D;10;0,15;0,00;0,00;0,00;0,00;1,13;0,02;0,00;0,00;1,18;0,14;1,80;0,17;0,47
PA02D;11;0,59;0,26;0,00;0,00;0,00;0,66;0,00;0,00;0,00;0,06;0,00;0,14;0,15;0,40
PA02D;12;0,01;0,00;0,00;0,00;0,00;0,03;0,00;0,00;0,00;0,00;0,00;0,01;0,00;0,01
PA02D;13;1,24;1,44;0,00;0,00;0,00;0,67;0,02;0,00;0,00;0,09;0,00;0,00;0,14;0,74
PA03A;21;18,44;58,32;2,81;2,70;2,43;1,19;1,22;0,34;0,00;1,21;0,03;0,18;8,95;39,87
PA03A;22;14,95;50,65;1,96;2,18;1,94;0,62;0,98;0,21;0,00;1,12;0,04;0,16;6,96;30,01
PA03A;23;3,32;11,27;0,98;0,75;0,18;0,00;0,09;0,01;0,00;0,12;0,00;0,01;0,00;0,05
PA03A;24;0,00;0,00;0,00;0,00;0,83;0,00;0,00;0,00;0,00;0,01;0,00;0,04;0,04;0,33
PA03A;25;0,01;0,24;0,02;0,11;3,46;0,17;0,01;0,00;0,00;0,13;0,00;0,21;0,18;1,38
PA03A;26;0,02;0,01;0,00;0,03;0,02;0,03;0,00;0,00;0,00;0,00;0,00;0,01;0,00;0,02
PA03A;4;0,01;0,00;0,00;0,00;0,00;0,01;0,00;0,00;0,00;0,01;0,00;0,00;0,01;0,01
PA03A;5;0,02;0,00;0,00;0,00;0,00;0,01;0,00;0,00;0,00;0,00;0,00;0,00;0,00;0,00
PA03A;8;0,01;0,00;0,00;0,00;0,00;0,01;0,00;0,00;0,00;0,01;0,00;0,00;0,01;0,01
PA03A;9;0,28;0,00;0,00;0,00;0,00;0,33;0,01;0,00;0,00;0,06;0,01;0,53;0,13;0,21
PA03A;10;0,08;0,00;0,00;0,00;0,00;0,51;0,01;0,00;0,00;0,53;0,01;1,12;0,07;0,22
PA03A;11;0,41;0,06;0,00;0,00;0,00;0,46;0,00;0,00;0,00;0,05;0,00;0,12;0,10;0,23
PA03A;12;0,01;0,00;0,00;0,00;0,00;0,07;0,00;0,00;0,00;0,00;0,00;0,01;0,00;0,02
PA03A;13;0,40;0,47;0,00;0,00;0,00;0,22;0,01;0,00;0,00;0,03;0,00;0,00;0,06;0,26
PA03B;21;21,77;64,53;3,59;3,36;2,70;1,20;1,37;0,38;0,00;1,16;0,02;0,15;10,42;47,41
PA03B;22;9,68;31,74;1,43;1,49;1,29;0,41;0,62;0,12;0,00;0,56;0,02;0,10;4,57;19,56
PA03B;23;2,97;7,06;1,24;0,77;0,20;0,00;0,07;0,03;0,00;0,08;0,00;0,00;0,00;0,02
PA03B;24;0,00;0,00;0,00;0,00;0,57;0,00;0,00;0,00;0,00;0,01;0,00;0,02;0,03;0,24
PA03B;25;0,02;0,24;0,02;0,04;3,70;0,17;0,01;0,00;0,00;0,13;0,00;0,18;0,20;1,45
PA03B;26;0,02;0,01;0,00;0,03;0,01;0,02;0,00;0,00;0,00;0,00;0,00;0,01;0,00;0,02
PA03B;4;0,01;0,00;0,00;0,00;0,00;0,00;0,00;0,00;0,00;0,00;0,00;0,00;0,00;0,00
PA03B;5;0,01;0,00;0,00;0,00;0,00;0,00;0,00;0,00;0,00;0,00;0,00;0,00;0,00;0,00
PA03B;8;0,01;0,00;0,00;0,00;0,00;0,01;0,00;0,00;0,00;0,00;0,00;0,00;0,00;0,01
PA03B;9;0,18;0,00;0,00;0,00;0,00;0,21;0,00;0,00;0,00;0,03;0,00;0,47;0,08;0,13
PA03B;10;0,09;0,00;0,00;0,00;0,00;0,52;0,01;0,00;0,00;0,54;0,01;1,13;0,07;0,24
PA03B;11;0,30;0,07;0,00;0,00;0,00;0,39;0,00;0,00;0,00;0,04;0,00;0,08;0,08;0,19
PA03B;12;0,01;0,00;0,00;0,00;0,00;0,03;0,00;0,00;0,00;0,00;0,00;0,01;0,00;0,01
PA03B;13;0,43;0,52;0,00;0,00;0,00;0,26;0,01;0,00;0,00;0,04;0,00;0,00;0,06;0,29
PA04A;21;22,95;67,42;3,90;3,01;3,50;1,59;1,47;0,27;0,00;1,42;0,04;0,32;10,88;50,07
PA04A;22;9,17;29,94;1,19;1,23;1,23;0,39;0,59;0,08;0,00;0,73;0,01;0,17;4,36;18,11
PA04A;23;5,92;10,88;3,24;0,73;0,23;0,00;0,09;0,01;0,00;0,13;0,00;0,01;0,00;0,01
PA04A;24;0,00;0,02;0,02;0,00;2,27;0,00;0,00;0,00;0,00;0,03;0,00;0,09;0,10;0,99
PA04A;25;0,04;0,22;0,04;0,12;4,45;0,12;0,01;0,00;0,00;0,17;0,00;0,49;0,21;2,03
PA04A;26;0,04;0,04;0,01;0,02;0,06;0,05;0,00;0,00;0,00;0,00;0,00;0,01;0,01;0,07
PA04A;4;0,01;0,00;0,00;0,00;0,00;0,01;0,00;0,00;0,00;0,01;0,00;0,00;0,01;0,01
PA04A;5;0,02;0,00;0,00;0,00;0,00;0,01;0,00;0,00;0,00;0,00;0,00;0,00;0,00;0,01
PA04A;8;0,03;0,00;0,00;0,00;0,00;0,03;0,00;0,00;0,00;0,01;0,00;0,00;0,02;0,02
PA04A;9;0,42;0,00;0,00;0,00;0,00;0,50;0,01;0,00;0,00;0,09;0,02;0,69;0,20;0,31
PA04A;10;0,09;0,00;0,00;0,00;0,00;0,62;0,01;0,00;0,00;0,61;0,01;1,37;0,09;0,29
PA04A;11;0,55;0,10;0,00;0,00;0,00;0,64;0,01;0,00;0,00;0,06;0,00;0,20;0,14;0,35
PA04A;12;0,03;0,01;0,00;0,00;0,00;0,13;0,00;0,00;0,00;0,00;0,00;0,04;0,00;0,04
PA04A;13;0,38;0,35;0,00;0,00;0,00;0,20;0,01;0,00;0,00;0,04;0,00;0,00;0,06;0,23
PA04B;21;25,25;75,16;4,66;3,49;3,51;1,73;1,57;0,28;0,00;1,46;0,04;0,28;11,89;55,37
PA04B;22;4,98;15,66;0,72;0,66;0,67;0,20;0,32;0,04;0,00;0,35;0,01;0,07;2,32;10,02
PA04B;23;3,94;7,38;2,56;0,62;0,26;0,00;0,07;0,01;0,00;0,10;0,00;0,02;0,00;0,01
PA04B;24;0,01;0,03;0,00;0,00;1,63;0,00;0,00;0,00;0,00;0,02;0,00;0,08;0,07;0,71
PA04B;25;0,05;0,25;0,07;0,08;4,55;0,13;0,01;0,00;0,00;0,20;0,00;0,38;0,26;1,84
PA04B;26;0,06;0,06;0,00;0,02;0,03;0,04;0,00;0,00;0,00;0,00;0,00;0,01;0,01;0,06
PA04B;5;0,01;0,00;0,00;0,00;0,00;0,01;0,00;0,00;0,00;0,00;0,00;0,00;0,00;0,00
PA04B;7;0,01;0,00;0,00;0,00;0,00;0,01;0,00;0,00;0,00;0,00;0,00;0,00;0,00;0,00
PA04B;8;0,03;0,00;0,00;0,00;0,00;0,03;0,00;0,00;0,00;0,01;0,00;0,00;0,02;0,02
PA04B;9;0,31;0,00;0,00;0,00;0,00;0,36;0,01;0,00;0,00;0,06;0,01;0,68;0,14;0,22
PA04B;10;0,08;0,00;0,00;0,00;0,00;0,51;0,01;0,00;0,00;0,49;0,01;1,06;0,06;0,23
PA04B;11;0,49;0,10;0,00;0,00;0,00;0,57;0,00;0,00;0,00;0,06;0,01;0,11;0,12;0,30
PA04B;12;0,02;0,00;0,00;0,00;0,00;0,09;0,00;0,00;0,00;0,00;0,00;0,02;0,00;0,03
PA04B;13;0,34;0,37;0,00;0,00;0,00;0,21;0,01;0,00;0,00;0,03;0,00;0,00;0,05;0,22
PA04C;21;25,54;71,66;5,74;3,77;3,89;1,57;1,32;0,08;0,00;1,20;0,02;0,21;11,95;57,19
PA04C;22;2,67;8,04;0,42;0,38;0,34;0,10;0,15;0,01;0,00;0,14;0,01;0,03;1,17;5,26
PA04C;23;4,01;6,26;3,78;0,72;0,31;0,00;0,05;0,00;0,00;0,08;0,00;0,01;0,00;0,01
PA04C;24;0,01;0,02;0,01;0,00;1,49;0,00;0,00;0,00;0,00;0,02;0,01;0,05;0,07;0,68
PA04C;25;0,05;0,24;0,05;0,04;5,19;0,11;0,01;0,00;0,00;0,24;0,00;0,26;0,29;2,20
PA04C;26;0,05;0,03;0,00;0,01;0,01;0,02;0,00;0,00;0,00;0,00;0,00;0,00;0,01;0,04
PA04C;4;0,00;0,00;0,00;0,00;0,00;0,00;0,00;0,00;0,00;0,00;0,00;0,00;0,00;0,01
PA04C;5;0,01;0,00;0,00;0,00;0,00;0,01;0,00;0,00;0,00;0,00;0,00;0,00;0,00;0,00
PA04C;8;0,01;0,00;0,00;0,00;0,00;0,01;0,00;0,00;0,00;0,00;0,00;0,00;0,01;0,01
PA04C;9;0,20;0,00;0,00;0,00;0,00;0,23;0,00;0,00;0,00;0,03;0,00;0,58;0,09;0,13
PA04C;10;0,07;0,00;0,00;0,00;0,00;0,45;0,01;0,00;0,00;0,48;0,01;0,81;0,06;0,21
PA04C;11;0,38;0,09;0,00;0,00;0,00;0,49;0,00;0,00;0,00;0,04;0,00;0,08;0,09;0,25
PA04C;12;0,01;0,00;0,00;0,00;0,00;0,04;0,00;0,00;0,00;0,00;0,00;0,04;0,00;0,01
PA04C;13;0,35;0,45;0,00;0,00;0,00;0,20;0,01;0,00;0,00;0,03;0,00;0,00;0,05;0,24
PA14A;21;24,28;70,78;5,82;3,48;3,60;2,52;1,44;0,12;0,00;1,70;0,03;0,33;9,68;50,58
PA14A;22;9,88;31,35;1,46;1,41;1,35;0,38;0,60;0,14;0,00;0,72;0,02;0,20;3,88;17,57
PA14A;23;5,31;11,37;3,86;0,93;0,40;0,00;0,09;0,02;0,00;0,15;0,00;0,03;0,00;0,00
PA14A;24;0,00;0,01;0,04;0,00;0,75;0,00;0,00;0,00;0,00;0,01;0,01;0,04;0,04;0,34
PA14A;25;0,14;0,35;0,09;0,08;3,90;0,06;0,01;0,00;0,00;0,19;0,00;0,14;0,17;1,85
PA14A;26;0,00;0,01;0,08;0,07;0,05;0,01;0,00;0,00;0,00;0,00;0,00;0,00;0,01;0,04
PA14A;4;0,01;0,00;0,00;0,00;0,00;0,01;0,00;0,00;0,00;0,01;0,00;0,00;0,01;0,18
PA14A;5;0,02;0,00;0,00;0,00;0,00;0,01;0,00;0,00;0,00;0,00;0,00;0,00;0,00;0,01
PA14A;8;0,04;0,00;0,00;0,00;0,00;0,03;0,00;0,00;0,00;0,01;0,01;0,00;0,02;0,02
PA14A;9;0,23;0,00;0,00;0,00;0,00;0,26;0,01;0,00;0,00;0,05;0,02;0,36;0,10;0,17
PA14A;10;0,08;0,00;0,00;0,00;0,00;0,46;0,01;0,01;0,00;0,49;0,00;1,11;0,06;0,21
PA14A;11;0,35;0,06;0,00;0,00;0,00;0,40;0,00;0,00;0,00;0,04;0,00;0,08;0,07;0,19
PA14A;12;0,01;0,00;0,00;0,00;0,00;0,08;0,00;0,00;0,00;0,00;0,00;0,02;0,00;0,03
PA14A;13;0,49;0,44;0,01;0,00;0,00;0,24;0,01;0,00;0,00;0,05;0,00;0,00;0,07;0,28
PA14B;21;25,39;69,29;6,33;4,10;3,78;2,28;1,24;0,07;0,00;1,30;0,03;0,22;11,70;56,13
PA14B;22;5,19;13,95;0,61;0,65;0,51;0,15;0,25;0,01;0,00;0,26;0,01;0,08;1,99;9,23
PA14B;23;5,18;8,18;4,81;0,92;0,38;0,00;0,07;0,01;0,00;0,10;0,00;0,05;0,00;0,03
PA14B;24;0,00;0,01;0,01;0,00;0,79;0,00;0,00;0,00;0,00;0,01;0,03;0,04;0,06;0,36
PA14B;25;0,03;0,17;0,02;0,02;4,21;0,14;0,01;0,00;0,00;0,20;0,00;0,12;0,22;1,85
PA14B;26;0,03;0,03;0,06;0,03;0,03;0,01;0,00;0,00;0,00;0,00;0,00;0,01;0,01;0,04
PA14B;4;0,01;0,00;0,00;0,00;0,00;0,01;0,00;0,00;0,00;0,00;0,00;0,00;0,01;0,01
PA14B;5;0,01;0,00;0,00;0,00;0,00;0,01;0,00;0,00;0,00;0,00;0,00;0,00;0,00;0,00
PA14B;8;0,03;0,00;0,00;0,00;0,00;0,02;0,00;0,00;0,00;0,01;0,00;0,02;0,01;0,01
PA14B;9;0,14;0,00;0,00;0,00;0,00;0,14;0,00;0,00;0,00;0,02;0,00;0,30;0,06;0,09
PA14B;10;0,07;0,00;0,00;0,00;0,00;0,46;0,01;0,00;0,00;0,50;0,00;0,86;0,06;0,21
PA14B;11;0,34;0,12;0,00;0,00;0,00;0,35;0,00;0,00;0,00;0,04;0,01;0,09;0,07;0,19
PA14B;12;0,00;0,00;0,00;0,00;0,00;0,02;0,00;0,00;0,00;0,00;0,00;0,02;0,00;0,01
PA14B;13;0,46;0,46;0,00;0,00;0,00;0,27;0,01;0,00;0,00;0,05;0,00;0,00;0,06;0,28
PA15A;21;10,73;38,15;1,41;1,58;2,01;0,86;0,76;0,05;0,00;1,25;0,07;0,18;5,06;23,42
PA15A;22;24,76;93,25;2,82;3,41;3,43;0,88;1,83;0,14;0,00;2,97;0,06;0,53;12,31;49,64
PA15A;23;3,59;24,67;0,35;0,83;0,21;0,00;0,17;0,00;0,00;0,24;0,00;0,00;0,00;0,05
PA15A;24;0,00;0,00;0,00;0,00;2,24;0,00;0,00;0,00;0,00;0,02;0,00;0,07;0,09;0,96
PA15A;25;0,03;0,29;0,01;0,10;2,61;0,18;0,01;0,00;0,00;0,08;0,00;0,06;0,14;1,06
PA15A;26;0,01;0,02;0,00;0,06;0,06;0,10;0,00;0,00;0,00;0,00;0,00;0,02;0,01;0,06
PA15A;4;0,00;0,00;0,00;0,00;0,00;0,01;0,00;0,00;0,00;0,00;0,01;0,00;0,00;0,01
PA15A;5;0,01;0,00;0,00;0,00;0,00;0,01;0,00;0,00;0,00;0,00;0,00;0,00;0,00;0,00
PA15A;8;0,03;0,00;0,00;0,00;0,00;0,03;0,00;0,00;0,00;0,01;0,00;0,00;0,02;0,02
PA15A;9;0,69;0,00;0,00;0,00;0,00;0,93;0,02;0,00;0,00;0,17;0,01;1,14;0,36;0,62
PA15A;10;0,09;0,00;0,00;0,00;0,00;0,71;0,03;0,02;0,00;0,79;0,03;1,79;0,09;0,28
PA15A;11;0,80;0,21;0,00;0,00;0,00;0,72;0,01;0,00;0,00;0,07;0,01;0,36;0,18;0,39
PA15A;12;0,03;0,01;0,00;0,00;0,00;0,15;0,00;0,00;0,00;0,00;0,00;0,03;0,00;0,04
PA15A;13;0,51;0,66;0,00;0,00;0,00;0,26;0,01;0,00;0,00;0,04;0,00;0,00;0,07;0,35
PA15B;21;13,60;46,66;1,76;1,94;2,43;0,89;0,96;0,03;0,00;1,40;0,15;0,23;6,54;29,58
PA15B;22;22,05;77,87;2,49;2,83;3,01;0,79;1,56;0,07;0,00;2,38;0,05;0,23;10,45;43,42
PA15B;23;3,18;16,18;0,47;0,89;0,26;0,00;0,11;0,00;0,00;0,14;0,00;0,01;0,01;0,08
PA15B;24;0,00;0,00;0,00;0,00;1,43;0,00;0,00;0,00;0,00;0,01;0,00;0,04;0,05;0,56
PA15B;25;0,02;0,29;0,02;0,09;3,19;0,21;0,01;0,00;0,00;0,10;0,00;0,28;0,20;1,28
PA15B;26;0,01;0,02;0,00;0,04;0,05;0,02;0,00;0,00;0,00;0,00;0,00;0,00;0,00;0,05
PA15B;4;0,00;0,00;0,00;0,00;0,00;0,00;0,00;0,00;0,01;0,00;0,00;0,00;0,00;0,00
PA15B;5;0,01;0,00;0,00;0,00;0,00;0,01;0,00;0,00;0,00;0,00;0,00;0,00;0,00;0,00
PA15B;8;0,04;0,00;0,00;0,00;0,00;0,03;0,00;0,00;0,00;0,01;0,00;0,00;0,02;0,02
PA15B;9;0,73;0,00;0,00;0,00;0,00;0,92;0,02;0,00;0,00;0,19;0,01;1,54;0,34;0,58
PA15B;10;0,09;0,00;0,00;0,00;0,00;0,68;0,02;0,00;0,00;0,68;0,05;1,71;0,10;0,30
PA15B;11;0,71;0,15;0,00;0,00;0,00;0,74;0,01;0,00;0,00;0,07;0,01;0,25;0,17;0,39
PA15B;12;0,02;0,01;0,00;0,00;0,00;0,13;0,00;0,00;0,00;0,01;0,00;0,01;0,00;0,04
PA15B;13;0,51;0,54;0,00;0,00;0,00;0,31;0,01;0,00;0,00;0,04;0,00;0,00;0,07;0,32
PA15C;21;19,28;62,08;2,88;2,97;3,07;1,05;1,34;0,06;0,00;1,61;0,10;0,30;9,62;42,88
PA15C;22;13,85;44,79;1,69;1,82;1,74;0,49;0,90;0,03;0,00;1,17;0,01;0,16;6,38;25,17
PA15C;23;3,42;13,45;1,06;1,03;0,20;0,00;0,08;0,00;0,00;0,11;0,00;0,01;0,02;0,20
PA15C;24;0,00;0,00;0,00;0,00;1,37;0,00;0,00;0,00;0,00;0,01;0,01;0,07;0,05;0,53
PA15C;25;0,02;0,22;0,02;0,13;3,68;0,18;0,00;0,00;0,00;0,14;0,00;0,09;0,18;1,33
PA15C;26;0,10;0,01;0,00;0,07;0,05;0,01;0,00;0,00;0,00;0,00;0,00;0,01;0,02;0,05
PA15C;4;0,02;0,00;0,00;0,00;0,00;0,02;0,00;0,00;0,00;0,01;0,00;0,00;0,01;0,01
PA15C;5;0,02;0,00;0,00;0,00;0,00;0,01;0,00;0,00;0,00;0,00;0,00;0,00;0,00;0,00
PA15C;8;0,07;0,00;0,00;0,00;0,00;0,06;0,00;0,00;0,00;0,02;0,00;0,00;0,04;0,03
PA15C;9;0,70;0,00;0,00;0,00;0,00;0,83;0,02;0,01;0,00;0,15;0,03;1,57;0,37;0,49
PA15C;10;0,11;0,00;0,00;0,00;0,00;0,80;0,01;0,00;0,00;0,69;0,04;1,71;0,11;0,33
PA15C;11;0,72;0,18;0,00;0,00;0,00;0,74;0,01;0,00;0,00;0,08;0,00;0,14;0,16;0,41
PA15C;12;0,01;0,00;0,00;0,00;0,00;0,07;0,00;0,00;0,00;0,00;0,00;0,03;0,00;0,02
PA15C;13;0,45;0,43;0,00;0,00;0,00;0,32;0,01;0,00;0,00;0,04;0,00;0,00;0,08;0,30
PK01A;21;25,31;89,84;11,12;6,42;3,68;2,09;0,54;0,13;0,00;1,21;0,00;0,07;12,43;54,95
PK01A;22;23,17;94,82;9,50;5,61;4,29;0,63;0,67;0,03;0,00;1,02;0,00;0,07;9,51;45,75
PK01A;23;9,96;41,34;6,53;1,48;0,39;0,00;0,01;0,00;0,00;0,07;0,00;0,00;0,00;0,00
PK01A;24;0,00;0,04;0,00;0,00;0,72;0,00;0,00;0,00;0,00;0,03;0,00;0,02;0,05;0,26
PK01A;25;0,00;1,37;0,00;0,01;6,73;0,18;0,00;0,00;0,00;0,20;0,00;0,17;0,40;2,55
PK01A;26;0,00;0,01;0,00;0,00;0,69;0,11;0,00;0,00;0,00;0,01;0,00;0,17;0,03;0,12
PK01A;9;0,05;0,00;0,00;0,00;0,00;0,04;0,00;0,00;0,00;0,00;0,00;0,05;0,02;0,03
PK01A;10;0,02;0,00;0,00;0,00;0,00;0,26;0,00;0,00;0,00;0,16;0,00;0,46;0,04;0,10
PK01A;11;0,17;0,03;0,00;0,00;0,00;0,63;0,00;0,00;0,00;0,03;0,00;0,41;0,06;0,23
PK01A;13;0,14;0,19;0,00;0,00;0,00;0,03;0,00;0,00;0,00;0,01;0,00;0,00;0,02;0,09
PK01B;21;40,70;146,10;18,85;10,24;7,54;5,50;1,10;0,01;0,00;2,19;0,00;0,07;17,57;88,10
PK01B;22;1,38;4,34;0,40;0,33;0,17;0,18;0,03;0,00;0,00;0,06;0,00;0,00;0,56;2,66
PK01B;23;7,84;25,40;10,40;1,16;1,27;0,00;0,02;0,02;0,00;0,08;0,00;0,00;0,00;0,00
PK01B;24;0,00;0,08;0,00;0,00;1,08;0,00;0,00;0,00;0,00;0,04;0,00;0,00;0,05;0,41
PK01B;25;0,00;2,07;0,01;0,16;6,62;0,36;0,00;0,00;0,00;0,19;0,00;0,00;0,47;3,26
PK01B;26;0,00;0,00;0,00;0,00;0,39;0,02;0,00;0,00;0,00;0,00;0,00;0,04;0,01;0,06
PK01B;4;0,01;0,00;0,00;0,00;0,00;0,01;0,00;0,00;0,00;0,00;0,00;0,00;0,00;0,00
PK01B;5;0,01;0,00;0,00;0,00;0,00;0,01;0,00;0,00;0,00;0,00;0,00;0,00;0,00;0,00
PK01B;9;0,07;0,00;0,00;0,00;0,00;0,06;0,00;0,00;0,00;0,01;0,00;0,09;0,02;0,03
PK01B;10;0,04;0,00;0,00;0,00;0,00;0,36;0,00;0,00;0,00;0,24;0,00;0,16;0,05;0,15
PK01B;11;0,31;0,01;0,00;0,00;0,00;0,48;0,00;0,00;0,00;0,03;0,00;0,09;0,07;0,26
PK01B;12;0,00;0,00;0,00;0,00;0,00;0,06;0,00;0,00;0,00;0,00;0,00;0,00;0,00;0,01
PK01B;13;0,25;0,08;0,00;0,00;0,00;0,10;0,00;0,00;0,00;0,01;0,00;0,00;0,03;0,13
PK02A;21;19,28;85,15;10,44;4,38;2,95;1,72;0,57;0,01;0,00;0,86;0,00;0,08;10,12;43,11
PK02A;22;28,82;102,04;8,48;5,46;2,72;0,49;0,35;0,01;0,00;0,98;0,00;0,06;11,18;55,20
PK02A;23;9,55;45,01;7,09;1,34;0,29;0,00;0,00;0,00;0,00;0,02;0,00;0,00;0,00;0,00
PK02A;24;0,00;0,02;0,00;0,00;0,67;0,00;0,00;0,00;0,00;0,02;0,00;0,00;0,02;0,19
PK02A;25;0,00;1,15;0,00;0,44;6,82;0,04;0,01;0,00;0,00;0,24;0,00;0,76;0,40;2,75
PK02A;26;0,00;0,01;0,00;0,00;0,00;0,00;0,00;0,00;0,00;0,00;0,00;0,01;0,00;0,00
PK02A;4;0,01;0,00;0,00;0,00;0,00;0,01;0,00;0,00;0,00;0,00;0,00;0,00;0,00;0,00
PK02A;5;0,01;0,00;0,00;0,00;0,00;0,01;0,00;0,00;0,00;0,00;0,00;0,00;0,00;0,00
PK02A;9;0,11;0,00;0,00;0,00;0,00;0,12;0,01;0,00;0,00;0,01;0,00;0,18;0,05;0,07
PK02A;10;0,07;0,00;0,00;0,00;0,00;0,76;0,00;0,00;0,00;0,64;0,00;4,56;0,11;0,32
PK02A;11;0,09;0,01;0,00;0,00;0,00;0,73;0,00;0,00;0,00;0,02;0,00;0,25;0,04;0,15
PK02A;12;0,00;0,00;0,00;0,00;0,00;0,01;0,00;0,00;0,00;0,00;0,00;0,02;0,00;0,00
PK02A;13;0,10;0,07;0,00;0,00;0,00;0,02;0,00;0,00;0,00;0,00;0,00;0,00;0,01;0,04
PK02B;21;32,64;113,73;12,15;5,37;4,52;7,82;0,90;0,02;0,00;1,40;0,00;0,05;14,63;61,85
PK02B;22;7,81;27,63;2,37;1,69;1,31;0,18;0,11;0,01;0,00;0,62;0,00;0,03;4,30;16,54
PK02B;23;13,27;28,21;5,35;1,74;0,56;0,00;0,00;0,00;0,00;0,02;0,00;0,03;0,00;0,00
PK02B;24;0,00;0,11;0,00;0,00;0,38;0,00;0,00;0,00;0,00;0,01;0,00;0,05;0,02;0,18
PK02B;25;0,02;1,46;0,01;0,03;3,49;0,25;0,00;0,00;0,00;0,37;0,00;1,96;0,33;1,41
PK02B;26;0,00;0,04;0,00;0,00;0,00;0,00;0,00;0,00;0,00;0,00;0,00;0,00;0,00;0,02
PK02B;9;0,10;0,00;0,00;0,00;0,00;0,10;0,00;0,00;0,00;0,01;0,00;0,41;0,02;0,06
PK02B;10;0,62;0,00;0,00;0,00;0,00;2,18;0,02;0,00;0,00;1,75;0,00;2,46;0,25;0,83
PK02B;11;0,11;0,00;0,00;0,00;0,00;0,48;0,00;0,00;0,00;0,02;0,00;0,15;0,03;0,12
PK02B;12;0,00;0,00;0,00;0,00;0,00;0,08;0,00;0,00;0,00;0,00;0,00;0,00;0,00;0,01
PK02B;13;0,54;0,14;0,00;0,00;0,00;0,19;0,01;0,00;0,00;0,03;0,00;0,00;0,05;0,20
PK03Z;21;29,46;112,44;11,79;5,77;5,41;3,47;0,70;0,03;0,00;1,65;0,00;0,14;14,84;62,51
PK03Z;22;18,56;61,31;5,56;3,49;2,60;1,02;0,40;0,01;0,00;0,82;0,00;0,30;7,21;33,38
PK03Z;23;11,74;31,75;5,00;0,93;0,35;0,00;0,01;0,00;0,00;0,03;0,00;0,05;0,00;0,00
PK03Z;24;0,00;0,09;0,00;0,00;0,84;0,00;0,00;0,00;0,00;0,05;0,00;0,02;0,05;0,36
PK03Z;25;0,00;1,33;0,01;0,25;5,53;0,23;0,01;0,00;0,00;0,20;0,00;0,39;0,63;2,83
PK03Z;26;0,00;0,00;0,00;0,00;0,03;0,00;0,00;0,00;0,00;0,00;0,00;0,00;0,00;0,01
PK03Z;4;0,01;0,00;0,00;0,00;0,00;0,00;0,00;0,00;0,00;0,01;0,00;0,00;0,01;0,01
PK03Z;5;0,02;0,00;0,00;0,00;0,00;0,01;0,00;0,00;0,00;0,00;0,00;0,00;0,00;0,00
PK03Z;8;0,01;0,00;0,00;0,00;0,00;0,00;0,00;0,00;0,00;0,00;0,00;0,00;0,01;0,00
PK03Z;9;0,35;0,00;0,00;0,00;0,00;0,29;0,01;0,00;0,00;0,03;0,00;0,67;0,13;0,17
PK03Z;10;0,08;0,00;0,00;0,00;0,00;0,48;0,00;0,00;0,00;0,35;0,00;1,40;0,08;0,23
PK03Z;11;0,25;0,02;0,00;0,00;0,00;0,67;0,00;0,00;0,00;0,05;0,00;0,43;0,07;0,25
PK03Z;12;0,00;0,00;0,00;0,00;0,00;0,02;0,00;0,00;0,00;0,00;0,00;0,04;0,00;0,00
PK03Z;13;0,28;0,10;0,00;0,00;0,00;0,09;0,00;0,00;0,00;0,01;0,00;0,00;0,03;0,12
PK04A;21;28,20;96,95;11,44;6,55;4,37;2,84;0,65;0,01;0,00;1,48;0,01;0,07;12,57;59,38
PK04A;22;18,61;64,72;5,77;4,41;3,16;0,91;0,35;0,02;0,00;1,11;0,00;0,04;6,74;37,20
PK04A;23;14,40;30,56;9,17;1,60;0,62;0,00;0,02;0,01;0,00;0,09;0,00;0,02;0,00;0,00
PK04A;24;0,00;0,11;0,00;0,00;0,96;0,05;0,00;0,00;0,00;0,05;0,00;0,01;0,07;0,45
PK04A;25;0,01;3,65;0,01;0,34;5,65;0,15;0,02;0,00;0,00;0,24;0,00;0,14;0,60;3,72
PK04A;26;0,00;0,01;0,00;0,00;0,16;0,02;0,00;0,00;0,00;0,00;0,00;0,01;0,01;0,03
PK04A;4;0,01;0,00;0,00;0,00;0,00;0,00;0,00;0,00;0,00;0,00;0,00;0,00;0,00;0,00
PK04A;5;0,01;0,00;0,00;0,00;0,00;0,00;0,00;0,00;0,00;0,00;0,00;0,00;0,00;0,00
PK04A;9;0,07;0,00;0,00;0,00;0,00;0,07;0,00;0,00;0,00;0,01;0,00;0,09;0,03;0,04
PK04A;10;0,07;0,00;0,00;0,00;0,00;0,52;0,00;0,00;0,00;0,36;0,00;0,73;0,06;0,26
PK04A;11;0,19;0,01;0,00;0,00;0,00;0,47;0,01;0,00;0,00;0,02;0,00;0,14;0,05;0,18
PK04A;12;0,01;0,00;0,00;0,00;0,00;0,08;0,00;0,00;0,00;0,00;0,00;0,01;0,00;0,03
PK04A;13;0,27;0,19;0,00;0,00;0,00;0,07;0,00;0,01;0,00;0,01;0,00;0,00;0,03;0,13
PK04B;21;37,67;136,30;15,99;9,26;6,79;4,73;0,84;0,01;0,00;1,62;0,00;0,06;17,82;79,65
PK04B;22;4,05;12,32;1,15;0,69;0,49;0,23;0,09;0,00;0,00;0,18;0,00;0,00;1,35;7,97
PK04B;23;9,24;22,48;9,39;1,51;0,61;0,00;0,01;0,02;0,00;0,05;0,00;0,02;0,00;0,00
PK04B;24;0,00;0,07;0,00;0,00;0,96;0,00;0,00;0,00;0,00;0,04;0,00;0,03;0,04;0,40
PK04B;25;0,01;1,73;0,03;0,20;5,66;0,39;0,00;0,00;0,00;0,18;0,00;0,09;0,49;2,86
PK04B;26;0,00;0,01;0,00;0,00;0,15;0,06;0,00;0,00;0,00;0,00;0,00;0,01;0,01;0,03
PK04B;4;0,00;0,00;0,00;0,00;0,00;0,00;0,00;0,00;0,00;0,00;0,00;0,00;0,01;0,00
PK04B;5;0,01;0,00;0,00;0,00;0,00;0,00;0,00;0,00;0,00;0,00;0,00;0,00;0,00;0,00
PK04B;8;0,01;0,00;0,00;0,00;0,00;0,00;0,00;0,00;0,00;0,00;0,00;0,00;0,00;0,00
PK04B;9;0,04;0,00;0,00;0,00;0,00;0,04;0,00;0,00;0,00;0,00;0,00;0,03;0,02;0,02
PK04B;10;0,04;0,00;0,00;0,00;0,00;0,32;0,00;0,00;0,00;0,18;0,00;0,28;0,05;0,13
PK04B;11;0,15;0,01;0,00;0,00;0,00;0,38;0,01;0,00;0,00;0,02;0,00;0,10;0,05;0,18
PK04B;12;0,00;0,00;0,00;0,00;0,00;0,05;0,00;0,00;0,00;0,00;0,00;0,03;0,00;0,01
PK04B;13;0,17;0,08;0,00;0,00;0,00;0,06;0,00;0,00;0,00;0,01;0,00;0,00;0,02;0,08
PK04C;21;33,61;125,84;14,93;7,07;6,30;3,41;0,69;0,02;0,00;1,48;0,00;0,07;17,05;76,62
PK04C;22;3,77;12,59;1,17;0,80;0,64;0,13;0,08;0,00;0,00;0,20;0,00;0,00;1,58;7,92
PK04C;23;9,51;17,73;9,08;1,32;0,33;0,00;0,01;0,00;0,00;0,04;0,00;0,03;0,00;0,00
PK04C;24;0,00;0,05;0,00;0,00;0,92;0,00;0,00;0,00;0,00;0,04;0,00;0,03;0,03;0,35
PK04C;25;0,02;1,21;0,02;0,18;5,80;0,24;0,01;0,00;0,00;0,21;0,00;0,36;0,51;2,95
PK04C;26;0,00;0,01;0,00;0,00;0,02;0,00;0,00;0,00;0,00;0,00;0,00;0,00;0,00;0,01
PK04C;9;0,04;0,00;0,00;0,00;0,00;0,04;0,00;0,00;0,00;0,00;0,00;0,09;0,02;0,02
PK04C;10;0,05;0,00;0,00;0,00;0,00;0,32;0,00;0,00;0,00;0,25;0,00;0,52;0,05;0,14
PK04C;11;0,14;0,02;0,00;0,00;0,00;0,48;0,04;0,00;0,00;0,03;0,00;0,17;0,04;0,17
PK04C;12;0,00;0,00;0,00;0,00;0,00;0,04;0,00;0,00;0,00;0,00;0,00;0,02;0,00;0,01
PK04C;13;0,23;0,11;0,00;0,00;0,00;0,06;0,00;0,00;0,00;0,01;0,00;0,00;0,02;0,10
PK10A;21;36,17;105,10;15,42;9,16;4,41;5,29;0,94;0,01;0,00;1,59;0,01;0,05;15,95;72,78
PK10A;22;11,66;42,15;4,03;2,54;1,64;0,34;0,23;0,00;0,00;0,54;0,00;0,02;5,16;23,22
PK10A;23;12,76;36,05;11,76;0,86;1,77;0,00;0,03;0,00;0,00;0,17;0,00;0,00;0,00;0,00
PK10A;24;0,01;0,07;0,00;0,00;1,55;0,02;0,00;0,00;0,00;0,07;0,00;0,00;0,15;0,73
PK10A;25;0,02;3,13;0,18;0,08;9,26;0,68;0,01;0,00;0,00;0,24;0,00;0,01;1,03;4,73
PK10A;26;0,00;0,00;0,00;0,00;0,09;0,00;0,00;0,00;0,00;0,00;0,00;0,00;0,01;0,06
PK10A;4;0,01;0,00;0,00;0,00;0,00;0,01;0,00;0,00;0,00;0,00;0,00;0,00;0,00;0,01
PK10A;5;0,01;0,00;0,00;0,00;0,00;0,00;0,00;0,00;0,00;0,00;0,00;0,00;0,00;0,00
PK10A;8;0,00;0,00;0,00;0,00;0,00;0,00;0,00;0,00;0,00;0,01;0,00;0,00;0,01;0,01
PK10A;9;0,13;0,00;0,00;0,00;0,00;0,11;0,00;0,00;0,00;0,01;0,00;0,24;0,04;0,06
PK10A;10;0,07;0,00;0,00;0,00;0,00;0,51;0,00;0,00;0,00;0,33;0,00;0,50;0,08;0,23
PK10A;11;0,33;0,02;0,00;0,00;0,00;0,57;0,05;0,00;0,00;0,05;0,00;0,12;0,08;0,39
PK10A;12;0,00;0,00;0,00;0,00;0,00;0,04;0,00;0,00;0,00;0,00;0,00;0,02;0,00;0,02
PK10A;13;0,10;0,04;0,00;0,00;0,00;0,06;0,00;0,00;0,00;0,01;0,00;0,00;0,01;0,06
PK10B;21;40,50;89,46;20,18;6,57;6,27;4,88;0,87;0,01;0,00;1,00;0,04;0,14;12,38;78,30
PK10B;22;2,40;6,86;0,66;0,27;0,09;0,02;0,05;0,00;0,00;0,10;0,00;0,00;0,82;4,41
PK10B;23;9,26;21,08;12,65;0,61;0,96;0,00;0,02;0,00;0,00;0,09;0,00;0,00;0,00;0,00
PK10B;24;0,00;0,01;0,00;0,00;1,05;0,00;0,00;0,00;0,00;0,03;0,00;0,02;0,04;0,43
PK10B;25;0,01;0,92;0,06;0,11;7,90;0,16;0,01;0,00;0,00;0,16;0,00;0,01;0,63;3,10
PK10B;26;0,00;0,01;0,00;0,00;0,01;0,04;0,00;0,00;0,00;0,00;0,00;0,00;0,00;0,01
PK10B;9;0,04;0,00;0,00;0,00;0,00;0,04;0,00;0,00;0,00;0,01;0,00;0,05;0,02;0,02
PK10B;10;0,03;0,00;0,00;0,00;0,00;0,23;0,00;0,00;0,00;0,13;0,00;0,44;0,03;0,10
PK10B;11;0,13;0,12;0,00;0,00;0,00;1,34;0,28;0,00;0,00;0,10;0,00;0,07;0,08;0,57
PK10B;12;0,00;0,00;0,00;0,00;0,00;0,02;0,00;0,00;0,00;0,00;0,00;0,00;0,00;0,01
PK10B;13;0,09;0,06;0,00;0,00;0,00;0,04;0,00;0,00;0,00;0,00;0,00;0,00;0,02;0,05
PK14A;21;30,49;111,60;13,80;7,33;6,03;2,70;0,76;0,14;0,00;1,45;0,01;0,12;13,38;62,21
PK14A;22;16,11;64,05;6,36;3,88;3,50;0,51;0,39;0,02;0,00;0,83;0,00;0,06;6,49;34,15
PK14A;23;10,82;40,59;9,44;1,63;0,67;0,00;0,01;0,02;0,00;0,07;0,00;0,01;0,00;0,00
PK14A;24;0,00;0,03;0,00;0,00;0,86;0,02;0,00;0,00;0,00;0,05;0,00;0,04;0,03;0,35
PK14A;25;0,00;1,63;0,01;0,22;8,19;0,07;0,00;0,00;0,00;0,25;0,00;0,04;0,48;3,23
PK14A;26;0,00;0,00;0,00;0,00;0,45;0,10;0,00;0,00;0,00;0,00;0,00;0,22;0,01;0,07
PK14A;5;0,02;0,00;0,00;0,00;0,00;0,01;0,00;0,00;0,00;0,00;0,00;0,00;0,00;0,00
PK14A;9;0,06;0,00;0,00;0,00;0,00;0,06;0,00;0,00;0,00;0,01;0,00;0,06;0,02;0,03
PK14A;10;0,03;0,00;0,00;0,00;0,00;0,29;0,01;0,00;0,00;0,21;0,00;0,45;0,04;0,12
PK14A;11;0,15;0,02;0,00;0,00;0,00;0,53;0,00;0,00;0,00;0,03;0,00;0,25;0,05;0,19
PK14A;12;0,00;0,00;0,00;0,00;0,00;0,03;0,00;0,00;0,00;0,00;0,00;0,00;0,00;0,01
PK14A;13;0,13;0,17;0,00;0,00;0,00;0,06;0,00;0,00;0,00;0,01;0,00;0,00;0,02;0,08
PK14B;21;39,55;150,01;17,75;8,70;8,96;4,06;0,99;0,01;0,00;1,79;0,02;0,08;18,72;83,67
PK14B;22;3,39;10,65;0,94;0,57;0,56;0,11;0,09;0,00;0,00;0,12;0,00;0,01;1,20;6,31
PK14B;23;8,19;27,27;8,76;1,25;0,28;0,00;0,01;0,05;0,00;0,05;0,00;0,01;0,00;0,00
PK14B;24;0,00;0,04;0,00;0,00;0,86;0,00;0,00;0,00;0,00;0,04;0,00;0,07;0,03;0,36
PK14B;25;0,00;1,72;0,01;0,42;6,90;0,24;0,00;0,00;0,00;0,25;0,00;0,02;0,48;3,15
PK14B;26;0,00;0,01;0,00;0,00;0,22;0,02;0,00;0,00;0,00;0,00;0,00;0,04;0,02;0,04
PK14B;8;0,01;0,00;0,00;0,00;0,00;0,00;0,00;0,00;0,00;0,00;0,00;0,00;0,00;0,00
PK14B;9;0,03;0,00;0,00;0,00;0,00;0,03;0,00;0,00;0,00;0,00;0,00;0,04;0,01;0,02
PK14B;10;0,02;0,00;0,00;0,00;0,00;0,15;0,00;0,00;0,00;0,11;0,00;0,24;0,02;0,06
PK14B;11;0,19;0,01;0,00;0,00;0,00;0,41;0,00;0,00;0,00;0,02;0,00;0,18;0,04;0,17
PK14B;12;0,00;0,00;0,00;0,00;0,00;0,03;0,00;0,00;0,00;0,00;0,00;0,01;0,00;0,01
PK14B;13;0,11;0,10;0,00;0,00;0,00;0,03;0,00;0,00;0,00;0,00;0,00;0,00;0,01;0,06
PK14C;21;34,27;131,60;16,98;7,18;7,02;3,78;0,82;0,01;0,00;1,58;0,01;0,13;18,07;76,17
PK14C;22;5,06;16,40;1,72;0,90;0,71;0,21;0,15;0,00;0,00;0,19;0,00;0,01;2,15;9,49
PK14C;23;10,02;24,82;8,97;1,52;0,22;0,00;0,01;0,09;0,00;0,05;0,00;0,04;0,00;0,00
PK14C;24;0,00;0,04;0,00;0,00;0,66;0,00;0,00;0,00;0,00;0,04;0,00;0,05;0,02;0,29
PK14C;25;0,00;0,61;0,01;0,32;5,67;0,33;0,00;0,00;0,00;0,24;0,00;0,20;0,39;2,83
PK14C;26;0,00;0,00;0,00;0,00;0,03;0,01;0,00;0,00;0,00;0,00;0,00;0,01;0,00;0,01
PK14C;5;0,02;0,00;0,00;0,00;0,00;0,02;0,00;0,00;0,00;0,00;0,00;0,00;0,00;0,00
PK14C;9;0,07;0,00;0,00;0,00;0,00;0,06;0,00;0,00;0,00;0,00;0,00;0,10;0,03;0,04
PK14C;10;0,05;0,00;0,00;0,00;0,00;0,37;0,00;0,00;0,00;0,30;0,00;0,90;0,05;0,14
PK14C;11;0,15;0,00;0,00;0,00;0,00;0,33;0,00;0,00;0,00;0,02;0,00;0,24;0,04;0,14
PK14C;12;0,00;0,00;0,00;0,00;0,00;0,02;0,00;0,00;0,00;0,00;0,00;0,04;0,00;0,00
PK14C;13;0,25;0,14;0,00;0,00;0,00;0,09;0,00;0,00;0,00;0,02;0,00;0,00;0,03;0,12
PP04A;21;29,53;43,87;9,39;2,34;3,98;1,56;1,32;0,26;0,00;1,02;0,04;0,19;11,98;55,27
PP04A;22;1,86;4,86;0,63;0,21;0,36;0,04;0,10;0,01;0,00;0,11;0,00;0,02;1,09;4,89
PP04A;23;10,62;6,14;7,53;0,57;0,40;0,03;0,05;0,00;0,00;0,05;0,00;0,00;0,00;0,02
PP04A;24;0,01;0,02;0,00;0,00;3,00;0,00;0,00;0,00;0,00;0,06;0,01;0,06;0,20;1,46
PP04A;25;0,00;0,11;0,01;0,01;3,43;0,04;0,02;0,00;0,00;0,14;0,00;0,10;0,21;1,33
PP04A;26;0,05;0,03;0,01;0,02;0,05;0,01;0,00;0,00;0,00;0,00;0,00;0,03;0,01;0,03
PP04A;5;0,01;0,00;0,00;0,00;0,00;0,01;0,00;0,00;0,00;0,00;0,00;0,00;0,00;0,00
PP04A;7;0,07;0,00;0,00;0,00;0,00;0,05;0,00;0,00;0,01;0,04;0,01;0,00;0,01;0,02
PP04A;8;0,05;0,00;0,00;0,00;0,00;0,06;0,00;0,00;0,00;0,01;0,01;0,00;0,04;0,04
PP04A;9;0,19;0,00;0,00;0,00;0,00;0,21;0,00;0,00;0,00;0,06;0,02;0,15;0,09;0,17
PP04A;10;0,04;0,00;0,00;0,00;0,00;0,29;0,01;0,00;0,00;0,25;0,03;0,54;0,05;0,11
PP04A;11;0,67;0,05;0,00;0,00;0,00;1,01;0,12;0,00;0,00;0,07;0,01;0,03;0,16;0,49
PP04A;12;0,10;0,00;0,00;0,00;0,00;0,26;0,00;0,00;0,00;0,00;0,00;0,32;0,02;0,09
PP04A;13;0,13;0,10;0,00;0,00;0,00;0,07;0,00;0,00;0,00;0,01;0,00;0,00;0,02;0,08
PP04B;21;27,19;37,58;8,73;2,00;3,95;1,36;1,19;0,03;0,00;0,79;0,04;0,16;12,04;56,27
PP04B;22;0,18;0,31;0,06;0,02;0,02;0,00;0,01;0,00;0,00;0,00;0,00;0,00;0,07;0,41
PP04B;23;10,23;4,84;7,62;0,61;0,48;0,01;0,04;0,00;0,00;0,05;0,00;0,00;0,00;0,01
PP04B;24;0,01;0,04;0,00;0,00;3,13;0,00;0,00;0,00;0,00;0,07;0,02;0,05;0,22;1,69
PP04B;25;0,01;0,13;0,01;0,01;3,58;0,04;0,01;0,00;0,00;0,14;0,00;0,08;0,23;1,38
PP04B;26;0,06;0,03;0,01;0,03;0,10;0,01;0,00;0,00;0,00;0,00;0,00;0,02;0,01;0,05
PP04B;7;0,03;0,00;0,00;0,00;0,00;0,02;0,00;0,00;0,00;0,02;0,00;0,00;0,01;0,01
PP04B;8;0,02;0,00;0,00;0,00;0,00;0,02;0,00;0,00;0,00;0,01;0,00;0,00;0,01;0,01
PP04B;9;0,08;0,00;0,00;0,00;0,00;0,08;0,00;0,00;0,00;0,01;0,00;0,09;0,04;0,06
PP04B;10;0,02;0,00;0,00;0,00;0,00;0,18;0,01;0,00;0,00;0,14;0,02;0,37;0,03;0,07
PP04B;11;0,45;0,03;0,00;0,00;0,00;0,75;0,08;0,00;0,00;0,04;0,01;0,02;0,11;0,37
PP04B;12;0,03;0,00;0,00;0,00;0,00;0,14;0,00;0,00;0,00;0,00;0,00;0,04;0,01;0,05
PP04B;13;0,08;0,06;0,00;0,00;0,00;0,05;0,00;0,00;0,00;0,00;0,00;0,00;0,02;0,05
PP10A;21;36,29;44,80;13,76;2,59;5,25;3,27;1,47;0,07;0,00;1,12;0,09;0,16;11,23;56,40
PP10A;22;2,94;7,83;1,87;0,18;0,61;0,01;0,02;0,00;0,00;0,05;0,00;0,03;0,51;9,11
PP10A;23;9,63;8,72;8,35;0,74;0,74;0,06;0,03;0,00;0,00;0,07;0,00;0,00;0,00;0,00
PP10A;24;0,01;0,02;0,00;0,00;1,46;0,00;0,00;0,00;0,00;0,01;0,00;0,01;0,16;0,55
PP10A;25;0,01;0,81;0,00;0,00;3,32;0,00;0,01;0,00;0,00;0,06;0,00;0,07;0,26;1,31
PP10A;26;0,00;0,01;0,00;0,03;0,00;0,00;0,00;0,00;0,00;0,00;0,00;0,00;0,00;0,01
PP10A;5;0,01;0,00;0,00;0,00;0,00;0,01;0,00;0,00;0,00;0,00;0,00;0,00;0,00;0,00
PP10A;7;0,05;0,00;0,00;0,00;0,00;0,04;0,00;0,00;0,01;0,03;0,01;0,00;0,01;0,02
PP10A;8;0,04;0,00;0,00;0,00;0,00;0,04;0,00;0,00;0,00;0,01;0,01;0,00;0,02;0,03
PP10A;9;0,10;0,00;0,00;0,00;0,00;0,09;0,00;0,00;0,00;0,01;0,00;0,03;0,06;0,06
PP10A;10;0,07;0,00;0,00;0,00;0,00;0,36;0,00;0,00;0,00;0,34;0,00;0,75;0,06;0,16
PP10A;11;0,65;0,15;0,00;0,00;0,00;2,08;0,37;0,00;0,00;0,13;0,00;0,03;0,15;0,79
PP10A;12;0,02;0,00;0,00;0,00;0,00;0,63;0,00;0,00;0,00;0,00;0,00;0,19;0,05;0,15
PP10A;13;0,23;0,01;0,00;0,00;0,00;0,12;0,00;0,00;0,00;0,01;0,00;0,00;0,04;0,10
PP10B;21;34,98;37,55;14,65;2,44;5,46;1,61;1,18;0,00;0,00;0,74;0,01;0,23;10,00;59,41
PP10B;22;0,21;0,36;0,03;0,01;0,04;0,00;0,01;0,00;0,00;0,01;0,00;0,00;0,07;0,26
PP10B;23;9,52;8,42;8,79;0,53;0,79;0,08;0,06;0,00;0,00;0,08;0,00;0,00;0,00;0,00
PP10B;24;0,01;0,03;0,00;0,00;1,46;0,00;0,00;0,00;0,00;0,02;0,00;0,00;0,09;0,68
PP10B;25;0,01;0,45;0,00;0,00;3,74;0,00;0,02;0,00;0,00;0,07;0,00;0,04;0,28;1,61
PP10B;26;0,00;0,01;0,00;0,03;0,02;0,00;0,00;0,00;0,00;0,00;0,00;0,00;0,00;0,01
PP10B;4;0,01;0,00;0,00;0,00;0,00;0,00;0,00;0,00;0,00;0,00;0,00;0,00;0,00;0,00
PP10B;5;0,01;0,00;0,00;0,00;0,00;0,01;0,00;0,00;0,00;0,00;0,00;0,00;0,00;0,00
PP10B;7;0,04;0,00;0,00;0,00;0,00;0,03;0,00;0,00;0,00;0,03;0,00;0,00;0,01;0,01
PP10B;8;0,03;0,00;0,00;0,00;0,00;0,02;0,00;0,00;0,00;0,01;0,00;0,00;0,02;0,02
PP10B;9;0,04;0,00;0,00;0,00;0,00;0,04;0,00;0,00;0,00;0,01;0,00;0,01;0,03;0,03
PP10B;10;0,04;0,00;0,00;0,00;0,00;0,22;0,00;0,00;0,00;0,16;0,00;0,48;0,04;0,08
PP10B;11;0,38;0,08;0,00;0,00;0,00;1,09;0,18;0,00;0,00;0,06;0,00;0,01;0,08;0,42
PP10B;12;0,03;0,00;0,00;0,00;0,00;0,30;0,00;0,00;0,00;0,01;0,00;0,10;0,02;0,09
PP10B;13;0,06;0,01;0,00;0,00;0,00;0,05;0,00;0,00;0,00;0,01;0,00;0,00;0,01;0,03
PP14Z;21;29,24;54,56;10,19;2,99;4,56;1,47;1,28;0,04;0,00;0,80;0,02;0,28;14,32;62,59
PP14Z;22;0,65;1,73;0,20;0,09;0,09;0,04;0,05;0,00;0,00;0,04;0,00;0,02;0,30;1,46
PP14Z;23;11,63;8,45;9,30;0,83;0,49;0,02;0,05;0,00;0,00;0,04;0,00;0,00;0,00;0,01
PP14Z;24;0,00;0,07;0,00;0,00;1,57;0,00;0,00;0,00;0,00;0,01;0,00;0,00;0,08;0,82
PP14Z;25;0,01;0,12;0,02;0,01;3,50;0,31;0,03;0,00;0,00;0,25;0,00;0,00;0,24;1,78
PP14Z;26;0,10;0,04;0,02;0,16;0,00;0,00;0,00;0,00;0,00;0,00;0,00;0,07;0,02;0,05
PP14Z;7;0,03;0,00;0,00;0,00;0,00;0,02;0,00;0,00;0,00;0,02;0,00;0,00;0,00;0,01
PP14Z;8;0,01;0,00;0,00;0,00;0,00;0,00;0,00;0,00;0,00;0,00;0,00;0,00;0,00;0,00
PP14Z;9;0,20;0,00;0,00;0,00;0,00;0,20;0,01;0,00;0,00;0,01;0,01;0,09;0,09;0,13
PP14Z;10;0,03;0,00;0,00;0,00;0,00;0,27;0,00;0,00;0,00;0,23;0,02;0,54;0,03;0,09
PP14Z;11;0,43;0,01;0,00;0,00;0,00;0,37;0,02;0,00;0,00;0,02;0,00;0,13;0,06;0,17
PP14Z;12;0,13;0,00;0,00;0,00;0,00;0,29;0,00;0,00;0,00;0,00;0,00;0,06;0,02;0,09
PP14Z;13;0,17;0,20;0,00;0,00;0,00;0,12;0,00;0,00;0,00;0,02;0,00;0,00;0,05;0,14
TA02Z;21;29,82;45,46;10,29;6,04;4,55;1,80;1,29;0,10;0,00;1,61;0,00;0,02;15,71;60,97
TA02Z;22;0,02;0,09;0,00;0,00;0,00;0,00;0,00;0,00;0,00;0,00;0,00;0,00;0,02;0,06
TA02Z;23;6,45;7,97;5,78;1,52;0,61;0,00;0,06;0,01;0,00;0,07;0,00;0,00;0,00;0,00
TA02Z;24;0,00;0,01;0,00;0,00;0,70;0,00;0,00;0,00;0,00;0,01;0,01;0,01;0,07;0,34
TA02Z;25;0,15;0,67;0,14;0,13;7,51;0,16;0,02;0,00;0,00;0,30;0,00;0,03;0,68;3,21
TA02Z;26;0,04;0,02;0,01;0,00;0,20;0,00;0,00;0,00;0,00;0,00;0,00;0,02;0,06;0,02
TA02Z;9;0,09;0,00;0,00;0,00;0,00;0,14;0,00;0,00;0,00;0,01;0,00;0,12;0,05;0,07
TA02Z;10;0,16;0,00;0,00;0,00;0,00;0,83;0,00;0,00;0,00;0,73;0,00;1,00;0,10;0,35
TA02Z;11;0,11;0,01;0,00;0,00;0,00;0,21;0,00;0,00;0,00;0,01;0,00;0,38;0,02;0,10
TA02Z;12;0,01;0,00;0,00;0,00;0,00;0,02;0,00;0,00;0,00;0,00;0,00;0,01;0,00;0,01
TA02Z;13;0,28;0,24;0,00;0,00;0,00;0,28;0,00;0,00;0,00;0,02;0,00;0,00;0,04;0,24
TA15Z;21;30,29;44,67;10,09;6,25;5,03;4,21;2,14;0,08;0,00;4,81;0,07;0,09;13,63;61,22
TA15Z;22;0,01;0,01;0,00;0,00;0,00;0,00;0,00;0,00;0,00;0,00;0,00;0,00;0,01;0,01
TA15Z;23;3,76;6,33;2,70;1,56;0,43;0,00;0,04;0,00;0,00;0,06;0,00;0,01;0,00;0,00
TA15Z;24;0,00;0,01;0,00;0,00;2,08;0,00;0,01;0,00;0,00;0,04;0,05;0,01;0,10;0,92
TA15Z;25;0,01;0,34;0,00;0,01;8,03;0,09;0,01;0,00;0,00;0,31;0,00;0,31;0,39;2,90
TA15Z;26;0,02;0,00;0,02;0,00;0,06;0,04;0,00;0,00;0,00;0,00;0,00;0,00;0,00;0,03
TA15Z;7;0,05;0,00;0,00;0,00;0,00;0,14;0,00;0,00;0,00;0,01;0,00;0,00;0,05;0,06
TA15Z;8;0,03;0,00;0,00;0,00;0,00;0,03;0,00;0,00;0,00;0,00;0,00;0,00;0,04;0,02
TA15Z;9;0,92;0,00;0,00;0,00;0,00;0,88;0,19;0,00;0,00;0,24;0,32;0,56;0,33;0,49
TA15Z;10;0,18;0,00;0,00;0,00;0,00;0,85;0,00;0,00;0,00;0,78;0,01;1,59;0,17;0,35
TA15Z;11;0,32;0,00;0,00;0,00;0,00;0,77;0,00;0,00;0,00;0,04;0,00;0,06;0,09;0,30
TA15Z;12;0,02;0,00;0,00;0,00;0,00;0,10;0,00;0,00;0,00;0,00;0,00;0,00;0,00;0,03
TA15Z;13;0,25;0,06;0,00;0,00;0,00;0,23;0,00;0,00;0,00;0,03;0,00;0,00;0,04;0,18
TA19Z;21;27,07;41,18;10,30;6,31;5,86;2,89;1,40;0,15;0,00;2,17;0,06;0,12;15,16;56,75
TA19Z;22;0,02;0,05;0,01;0,00;0,00;0,00;0,00;0,00;0,00;0,00;0,00;0,00;0,01;0,04
TA19Z;23;4,60;6,82;4,96;1,40;0,41;0,00;0,07;0,01;0,00;0,06;0,00;0,01;0,00;0,01
TA19Z;24;0,00;0,02;0,01;0,00;1,90;0,00;0,01;0,00;0,00;0,03;0,00;0,01;0,10;0,73
TA19Z;25;0,05;0,39;0,06;0,03;8,75;0,41;0,02;0,00;0,00;0,32;0,00;0,26;0,49;3,41
TA19Z;26;0,07;0,03;0,01;0,01;0,01;0,02;0,00;0,00;0,00;0,00;0,00;0,00;0,01;0,05
TA19Z;8;0,01;0,00;0,00;0,00;0,00;0,00;0,00;0,00;0,00;0,00;0,00;0,00;0,00;0,00
TA19Z;9;0,21;0,00;0,00;0,00;0,00;0,23;0,01;0,00;0,00;0,03;0,00;0,32;0,09;0,13
TA19Z;10;0,05;0,00;0,00;0,00;0,00;0,40;0,00;0,00;0,00;0,37;0,00;0,67;0,07;0,18
TA19Z;11;0,28;0,03;0,00;0,00;0,00;0,39;0,00;0,00;0,00;0,03;0,00;0,12;0,08;0,20
TA19Z;12;0,01;0,00;0,00;0,00;0,00;0,13;0,00;0,00;0,00;0,00;0,00;0,02;0,00;0,05
TA19Z;13;0,20;0,21;0,00;0,00;0,00;0,18;0,00;0,00;0,00;0,01;0,00;0,00;0,03;0,18
TA20Z;21;27,29;34,24;10,17;6,31;6,48;2,94;1,05;0,08;0,00;1,23;0,02;0,07;10,99;52,00
TA20Z;22;0,01;0,02;0,00;0,00;0,00;0,00;0,00;0,00;0,00;0,00;0,00;0,00;0,00;0,02
TA20Z;23;7,03;7,27;7,02;1,57;0,71;0,00;0,06;0,00;0,00;0,08;0,00;0,03;0,00;0,03
TA20Z;24;0,01;0,05;0,04;0,00;1,10;0,00;0,00;0,00;0,00;0,02;0,02;0,04;0,07;0,45
TA20Z;25;0,07;0,62;0,10;0,04;7,49;0,23;0,02;0,00;0,00;0,30;0,00;0,28;0,49;3,02
TA20Z;26;0,17;0,04;0,04;0,02;0,00;0,01;0,00;0,00;0,00;0,00;0,00;0,01;0,01;0,06
TA20Z;7;0,01;0,00;0,00;0,00;0,00;0,01;0,00;0,00;0,00;0,01;0,00;0,00;0,00;0,00
TA20Z;8;0,01;0,00;0,00;0,00;0,00;0,00;0,00;0,00;0,00;0,00;0,00;0,00;0,00;0,00
TA20Z;9;0,12;0,00;0,00;0,00;0,00;0,13;0,00;0,00;0,00;0,02;0,00;0,21;0,05;0,07
TA20Z;10;0,04;0,00;0,00;0,00;0,00;0,32;0,00;0,00;0,00;0,32;0,01;0,57;0,05;0,14
TA20Z;11;0,25;0,04;0,00;0,00;0,00;0,27;0,00;0,00;0,00;0,02;0,00;0,04;0,06;0,15
TA20Z;12;0,02;0,00;0,00;0,00;0,00;0,09;0,00;0,00;0,00;0,00;0,00;0,03;0,01;0,03
TA20Z;13;0,14;0,18;0,00;0,00;0,00;0,12;0,00;0,00;0,00;0,01;0,00;0,00;0,02;0,12
TK04Z;21;41,17;67,38;23,58;8,91;7,89;4,02;0,74;0,01;0,00;1,90;0,01;0,13;18,69;69,89
TK04Z;22;0,17;0,21;0,11;0,04;0,01;0,01;0,00;0,00;0,00;0,01;0,00;0,00;0,04;0,22
TK04Z;23;10,83;23,09;13,95;2,64;1,04;0,00;0,02;0,00;0,00;0,05;0,00;0,02;0,00;0,00
TK04Z;24;0,00;0,07;0,00;0,00;0,69;0,00;0,00;0,00;0,00;0,01;0,00;0,05;0,04;0,26
TK04Z;25;0,00;2,68;0,02;0,40;7,30;0,47;0,02;0,00;0,00;0,20;0,00;0,18;0,71;3,39
TK04Z;26;0,00;0,00;0,00;0,00;0,34;0,05;0,00;0,00;0,00;0,00;0,00;0,02;0,03;0,09
TK04Z;9;0,03;0,00;0,00;0,00;0,00;0,03;0,00;0,00;0,00;0,00;0,00;0,01;0,01;0,02
TK04Z;10;0,03;0,00;0,00;0,00;0,00;0,16;0,00;0,00;0,00;0,14;0,00;0,26;0,03;0,07
TK04Z;11;0,13;0,01;0,00;0,00;0,00;0,31;0,00;0,00;0,00;0,02;0,00;0,06;0,03;0,10
TK04Z;12;0,00;0,00;0,00;0,00;0,00;0,08;0,00;0,00;0,00;0,00;0,00;0,01;0,00;0,02
TK04Z;13;0,13;0,10;0,00;0,00;0,00;0,04;0,00;0,00;0,00;0,00;0,00;0,00;0,01;0,07
TK14Z;21;43,37;73,46;27,29;9,75;8,41;4,55;0,89;0,04;0,00;2,05;0,01;0,15;20,60;73,23
TK14Z;22;0,85;1,02;0,46;0,24;0,11;0,03;0,02;0,00;0,00;0,03;0,00;0,01;0,23;1,06
TK14Z;23;9,77;27,37;14,08;3,35;1,00;0,00;0,05;0,03;0,00;0,08;0,00;0,01;0,00;0,00
TK14Z;24;0,01;0,09;0,00;0,00;0,71;0,00;0,00;0,00;0,00;0,02;0,00;0,04;0,05;0,31
TK14Z;25;0,00;2,26;0,01;0,52;8,45;0,42;0,02;0,00;0,00;0,22;0,00;0,34;0,75;3,85
TK14Z;26;0,00;0,01;0,00;0,00;0,44;0,09;0,00;0,00;0,00;0,01;0,00;0,09;0,04;0,13
TK14Z;9;0,03;0,00;0,00;0,00;0,00;0,03;0,00;0,00;0,00;0,00;0,00;0,02;0,01;0,01
TK14Z;10;0,02;0,00;0,00;0,00;0,00;0,13;0,00;0,00;0,00;0,11;0,00;0,19;0,02;0,05
TK14Z;11;0,16;0,00;0,00;0,00;0,00;0,28;0,00;0,00;0,00;0,02;0,00;0,09;0,04;0,11
TK14Z;12;0,00;0,00;0,00;0,00;0,00;0,10;0,00;0,00;0,00;0,00;0,00;0,02;0,00;0,01
TK14Z;13;0,08;0,07;0,00;0,00;0,00;0,04;0,00;0,00;0,00;0,00;0,00;0,00;0,01;0,05
TP20Z;21;27,29;34,24;10,17;6,31;6,48;2,94;1,05;0,08;0,00;1,23;0,02;0,07;10,99;52,00
TP20Z;22;0,01;0,02;0,00;0,00;0,00;0,00;0,00;0,00;0,00;0,00;0,00;0,00;0,00;0,02
TP20Z;23;7,03;7,27;7,02;1,57;0,71;0,00;0,06;0,00;0,00;0,08;0,00;0,03;0,00;0,03
TP20Z;24;0,01;0,05;0,04;0,00;1,10;0,00;0,00;0,00;0,00;0,02;0,02;0,04;0,07;0,45
TP20Z;25;0,07;0,62;0,10;0,04;7,49;0,23;0,02;0,00;0,00;0,30;0,00;0,28;0,49;3,02
TP20Z;26;0,17;0,04;0,04;0,02;0,00;0,01;0,00;0,00;0,00;0,00;0,00;0,01;0,01;0,06
TP20Z;7;0,01;0,00;0,00;0,00;0,00;0,01;0,00;0,00;0,00;0,01;0,00;0,00;0,00;0,00
TP20Z;8;0,01;0,00;0,00;0,00;0,00;0,00;0,00;0,00;0,00;0,00;0,00;0,00;0,00;0,00
TP20Z;9;0,12;0,00;0,00;0,00;0,00;0,13;0,00;0,00;0,00;0,02;0,00;0,21;0,05;0,07
TP20Z;10;0,04;0,00;0,00;0,00;0,00;0,32;0,00;0,00;0,00;0,32;0,01;0,57;0,05;0,14
TP20Z;11;0,25;0,04;0,00;0,00;0,00;0,27;0,00;0,00;0,00;0,02;0,00;0,04;0,06;0,15
TP20Z;12;0,02;0,00;0,00;0,00;0,00;0,09;0,00;0,00;0,00;0,00;0,00;0,03;0,01;0,03
TP20Z;13;0,14;0,18;0,00;0,00;0,00;0,12;0,00;0,00;0,00;0,01;0,00;0,00;0,02;0,12
