IN_DRG;IN_CodeF;IN_Anzahl;IN_Prozent;IN_AnzahlN;IN_ProzentN
C03B;I10.90;62;0,378;62;0,0879
C03B;H25.8;57;0,3476;57;0,0809
C03B;H25.1;49;0,2988;49;0,0695
C03B;H35.3;27;0,1646;27;0,0383
C03B;Z92.2;25;0,1524;25;0,0355
C03B;E11.90;21;0,128;21;0,0298
C03B;H36.0;21;0,128;21;0,0298
C03B;Z96.1;17;0,1037;17;0,0241
C03B;H52.4;16;0,0976;16;0,0227
C03B;E11.30;13;0,0793;16;0,0227
C03B;H26.9;12;0,0732;12;0,017
C03B;H52.0;12;0,0732;12;0,017
C03B;H43.8;11;0,0671;11;0,0156
C03B;H54.4;11;0,0671;11;0,0156
C03B;Z48.8;11;0,0671;11;0,0156
C03B;H35.8;10;0,061;10;0,0142
C03B;H54.5;10;0,061;10;0,0142
C03B;I10.00;10;0,061;10;0,0142
C03B;E10.30;9;0,0549;9;0,0128
C03B;H40.1;9;0,0549;9;0,0128
C03B;H52.2;9;0,0549;9;0,0128
C03B;Z98.8;9;0,0549;9;0,0128
C03B;H54.1;8;0,0488;8;0,0113
C03B;H40.0;7;0,0427;7;0,0099
C03B;Z92.1;7;0,0427;7;0,0099
C03B;H11.3;6;0,0366;6;0,0085
C03B;H21.0;6;0,0366;6;0,0085
C03B;H27.8;6;0,0366;6;0,0085
C03B;H54.2;6;0,0366;6;0,0085
C03B;I49.9;6;0,0366;6;0,0085
C03B;Z88.9;6;0,0366;6;0,0085
C03B;H25.9;5;0,0305;5;0,0071
C03B;H43.1;5;0,0305;5;0,0071
C03B;N18.5;5;0,0305;5;0,0071
C03B;H18.2;4;0,0244;4;0,0057
C03B;H35.6;4;0,0244;4;0,0057
C03B;H47.2;4;0,0244;4;0,0057
C03B;H52.1;4;0,0244;4;0,0057
C03B;H57.8;4;0,0244;4;0,0057
C03B;I25.0;4;0,0244;4;0,0057
C03B;Z99.2;4;0,0244;4;0,0057
C03C;Z96.1;269;0,5359;269;0,1197
C03C;I10.90;258;0,5139;258;0,1148
C03C;H25.8;124;0,247;124;0,0552
C03C;H52.4;111;0,2211;111;0,0494
C03C;Z98.8;102;0,2032;102;0,0454
C03C;H35.3;95;0,1892;95;0,0423
C03C;H54.5;80;0,1594;80;0,0356
C03C;E11.90;75;0,1494;75;0,0334
C03C;Z92.2;75;0,1494;75;0,0334
C03C;H52.2;66;0,1315;66;0,0294
C03C;H52.0;50;0,0996;50;0,0223
C03C;Z48.8;37;0,0737;37;0,0165
C03C;Z88.9;37;0,0737;37;0,0165
C03C;H52.1;35;0,0697;35;0,0156
C03C;H54.4;35;0,0697;35;0,0156
C03C;H36.0;32;0,0637;32;0,0142
C03C;E11.30;27;0,0538;27;0,012
C03C;H40.1;27;0,0538;27;0,012
C03C;H43.2;27;0,0538;27;0,012
C03C;H54.2;27;0,0538;27;0,012
C03C;H26.4;25;0,0498;25;0,0111
C03C;Z92.1;24;0,0478;24;0,0107
C03C;E03.9;21;0,0418;21;0,0093
C03C;H35.8;18;0,0359;18;0,008
C03C;H47.2;18;0,0359;18;0,008
C03C;I49.9;18;0,0359;18;0,008
C03C;E10.30;16;0,0319;16;0,0071
C03C;H04.1;15;0,0299;15;0,0067
C03C;E78.2;14;0,0279;14;0,0062
C03C;H54.1;14;0,0279;14;0,0062
C03C;H18.5;12;0,0239;12;0,0053
C03C;Q14.2;11;0,0219;11;0,0049
C03C;H11.4;10;0,0199;10;0,0045
C03C;E79.0;9;0,0179;9;0,004
C03C;H25.1;9;0,0179;9;0,004
C03C;H40.0;9;0,0179;9;0,004
C03C;J45.9;9;0,0179;9;0,004
C03C;I10.00;8;0,0159;8;0,0036
C03C;Z86.7;8;0,0159;8;0,0036
C03C;E66.90;7;0,0139;7;0,0031
C03C;H17.9;7;0,0139;7;0,0031
C03C;H33.3;7;0,0139;7;0,0031
C03C;H35.0;7;0,0139;7;0,0031
C03C;H35.2;7;0,0139;7;0,0031
C03C;H35.4;7;0,0139;7;0,0031
C03C;H35.6;7;0,0139;7;0,0031
C03C;H44.2;7;0,0139;7;0,0031
C03C;J42;7;0,0139;7;0,0031
C03C;J45.8;7;0,0139;7;0,0031
C03C;H11.3;6;0,012;6;0,0027
C03C;H31.0;6;0,012;6;0,0027
C03C;H43.1;6;0,012;6;0,0027
C03C;I69.3;6;0,012;6;0,0027
C03C;Z22.5;6;0,012;6;0,0027
C03C;Z60;6;0,012;6;0,0027
C03C;Z95.0;6;0,012;6;0,0027
C03C;Z99.3;6;0,012;6;0,0027
C03C;H21.2;5;0,01;5;0,0022
C03C;H27.8;5;0,01;5;0,0022
C03C;H54.0;5;0,01;5;0,0022
C03C;M10.00;5;0,01;5;0,0022
C03C;Z99.8;5;0,01;5;0,0022
C03C;E10.90;4;0,008;4;0,0018
C03C;E78.5;4;0,008;4;0,0018
C03C;G47.39;4;0,008;4;0,0018
C03C;H02.4;4;0,008;4;0,0018
C03C;H11.0;4;0,008;4;0,0018
C03C;H33.0;4;0,008;4;0,0018
C03C;H43.8;4;0,008;4;0,0018
C03C;I25.9;4;0,008;4;0,0018
C03C;I48.9;4;0,008;4;0,0018
C03C;K21.9;4;0,008;4;0,0018
C03C;N40;4;0,008;4;0,0018
C03C;Z88.0;4;0,008;4;0,0018
C03D;Z96.1;189;0,3996;189;0,1018
C03D;I10.90;157;0,3319;157;0,0846
C03D;Z92.2;74;0,1564;74;0,0399
C03D;E11.90;63;0,1332;63;0,0339
C03D;H25.8;62;0,1311;62;0,0334
C03D;Z98.8;62;0,1311;62;0,0334
C03D;I10.00;61;0,129;61;0,0329
C03D;H35.3;46;0,0973;46;0,0248
C03D;H54.4;40;0,0846;40;0,0216
C03D;H52.4;39;0,0825;39;0,021
C03D;H35.8;34;0,0719;34;0,0183
C03D;H36.0;32;0,0677;32;0,0172
C03D;E11.30;31;0,0655;35;0,0189
C03D;H40.1;30;0,0634;30;0,0162
C03D;E03.9;28;0,0592;28;0,0151
C03D;Z92.1;27;0,0571;27;0,0145
C03D;H52.2;26;0,055;26;0,014
C03D;H25.1;24;0,0507;24;0,0129
C03D;H54.5;24;0,0507;24;0,0129
C03D;H52.1;21;0,0444;21;0,0113
C03D;I49.9;21;0,0444;21;0,0113
C03D;H11.3;20;0,0423;20;0,0108
C03D;H40.0;20;0,0423;20;0,0108
C03D;H52.0;18;0,0381;18;0,0097
C03D;I25.0;16;0,0338;16;0,0086
C03D;H43.8;14;0,0296;14;0,0075
C03D;Z88.9;14;0,0296;14;0,0075
C03D;H11.4;13;0,0275;13;0,007
C03D;H27.0;12;0,0254;12;0,0065
C03D;H35.6;12;0,0254;12;0,0065
C03D;H54.1;11;0,0233;11;0,0059
C03D;H54.2;11;0,0233;11;0,0059
C03D;E78.2;10;0,0211;10;0,0054
C03D;H43.1;10;0,0211;10;0,0054
C03D;H47.2;10;0,0211;10;0,0054
C03D;Z48.8;10;0,0211;10;0,0054
C03D;E78.5;9;0,019;9;0,0048
C03D;H26.4;9;0,019;9;0,0048
C03D;H43.3;9;0,019;9;0,0048
C03D;J45.9;9;0,019;9;0,0048
C03D;N18.5;9;0,019;9;0,0048
C03D;Z99.2;9;0,019;9;0,0048
C03D;E10.30;8;0,0169;8;0,0043
C03D;E79.0;8;0,0169;8;0,0043
C03D;H18.2;8;0,0169;8;0,0043
C03D;H21.0;8;0,0169;8;0,0043
C03D;H33.3;8;0,0169;8;0,0043
C03D;I25.29;8;0,0169;8;0,0043
C03D;H27.8;7;0,0148;7;0,0038
C03D;H31.0;7;0,0148;7;0,0038
C03D;H35.0;7;0,0148;7;0,0038
C03D;H43.2;7;0,0148;7;0,0038
C03D;I50.12;7;0,0148;7;0,0038
C03D;I95.2;7;0,0148;7;0,0038
C03D;Y57.9;7;0,0148;7;0,0038
C03D;H40.5;6;0,0127;6;0,0032
C03D;H54.0;6;0,0127;6;0,0032
C03D;Q14.2;6;0,0127;6;0,0032
C03D;R26.8;6;0,0127;6;0,0032
C03D;Z74.0;6;0,0127;6;0,0032
C03D;F32.9;5;0,0106;5;0,0027
C03D;H21.5;5;0,0106;5;0,0027
C03D;H27.1;5;0,0106;5;0,0027
C03D;H35.4;5;0,0106;5;0,0027
C03D;H53.0;5;0,0106;5;0,0027
C03D;H59.8;5;0,0106;5;0,0027
C03D;I48.9;5;0,0106;5;0,0027
C03D;N18.9;5;0,0106;5;0,0027
C03D;R32;5;0,0106;5;0,0027
C03D;T85.2;5;0,0106;5;0,0027
C03D;Z95.1;5;0,0106;5;0,0027
C03D;Z99.3;5;0,0106;5;0,0027
C03D;H26.8;4;0,0085;4;0,0022
C03D;H31.2;4;0,0085;4;0,0022
C03D;H40.8;4;0,0085;4;0,0022
C03D;H44.2;4;0,0085;4;0,0022
C03D;H57.1;4;0,0085;4;0,0022
C03D;I25.10;4;0,0085;4;0,0022
C03D;I25.19;4;0,0085;4;0,0022
C03D;I25.9;4;0,0085;4;0,0022
C03D;I48.0;4;0,0085;4;0,0022
C03D;J42;4;0,0085;4;0,0022
C03D;N19;4;0,0085;4;0,0022
C03D;N40;4;0,0085;4;0,0022
C03D;R54;4;0,0085;4;0,0022
C03D;S00.1;4;0,0085;4;0,0022
C03D;T78.4;4;0,0085;4;0,0022
C03D;Z74.1;4;0,0085;4;0,0022
C03D;Z86.7;4;0,0085;4;0,0022
C03D;Z99.8;4;0,0085;4;0,0022
C04B;I10.90;47;0,4476;47;0,1473
C04B;H18.2;27;0,2571;27;0,0846
C04B;Z96.1;24;0,2286;24;0,0752
C04B;E11.90;12;0,1143;12;0,0376
C04B;Z98.8;11;0,1048;11;0,0345
C04B;Z94.7;10;0,0952;10;0,0313
C04B;E03.9;9;0,0857;9;0,0282
C04B;H17.9;9;0,0857;9;0,0282
C04B;H54.4;8;0,0762;8;0,0251
C04B;I49.9;7;0,0667;7;0,0219
C04B;Z92.2;7;0,0667;7;0,0219
C04B;H16.0;5;0,0476;5;0,0157
C04B;H25.1;5;0,0476;5;0,0157
C04B;H57.8;5;0,0476;5;0,0157
C04B;I10.00;5;0,0476;5;0,0157
C04B;J45.9;5;0,0476;5;0,0157
C04B;Z88.9;5;0,0476;5;0,0157
C04B;H40.1;4;0,0381;4;0,0125
C06Z;H47.2;150;0,3555;150;0,1203
C06Z;I10.90;141;0,3341;141;0,1131
C06Z;Z96.1;94;0,2227;94;0,0754
C06Z;H40.0;91;0,2156;91;0,073
C06Z;H25.1;71;0,1682;71;0,0569
C06Z;Z98.8;50;0,1185;51;0,0409
C06Z;E11.90;39;0,0924;39;0,0313
C06Z;Z92.2;36;0,0853;36;0,0289
C06Z;E03.9;22;0,0521;22;0,0176
C06Z;H25.8;20;0,0474;20;0,016
C06Z;E78.2;19;0,045;19;0,0152
C06Z;H53.4;16;0,0379;16;0,0128
C06Z;H54.4;15;0,0355;15;0,012
C06Z;H21.0;14;0,0332;14;0,0112
C06Z;T88.7;13;0,0308;13;0,0104
C06Z;I10.00;12;0,0284;12;0,0096
C06Z;I49.9;12;0,0284;12;0,0096
C06Z;H57.8;11;0,0261;11;0,0088
C06Z;J45.9;11;0,0261;11;0,0088
C06Z;T78.4;11;0,0261;11;0,0088
C06Z;H52.1;10;0,0237;10;0,008
C06Z;H54.2;9;0,0213;10;0,008
C06Z;H35.3;9;0,0213;9;0,0072
C06Z;H52.4;9;0,0213;9;0,0072
C06Z;H54.1;9;0,0213;9;0,0072
C06Z;H18.2;8;0,019;8;0,0064
C06Z;H11.2;7;0,0166;7;0,0056
C06Z;H11.3;7;0,0166;7;0,0056
C06Z;Z88.9;7;0,0166;7;0,0056
C06Z;H52.2;6;0,0142;6;0,0048
C06Z;H54.5;6;0,0142;6;0,0048
C06Z;T81.0;6;0,0142;6;0,0048
C06Z;Z92.1;6;0,0142;6;0,0048
C06Z;F32.9;5;0,0118;5;0,004
C06Z;H18.5;5;0,0118;5;0,004
C06Z;H27.0;5;0,0118;5;0,004
C06Z;H44.2;5;0,0118;5;0,004
C06Z;I25.10;5;0,0118;5;0,004
C06Z;I25.9;5;0,0118;5;0,004
C06Z;T81.8;5;0,0118;5;0,004
C06Z;Z48.8;4;0,0095;5;0,004
C06Z;H16.0;4;0,0095;4;0,0032
C06Z;H27.8;4;0,0095;4;0,0032
C06Z;H31.4;4;0,0095;4;0,0032
C06Z;H34.8;4;0,0095;4;0,0032
C06Z;H57.1;4;0,0095;4;0,0032
C06Z;I48.9;4;0,0095;4;0,0032
C06Z;J44.99;4;0,0095;4;0,0032
C07B;Z98.8;47;0,5054;47;0,0963
C07B;Z96.1;42;0,4516;42;0,0861
C07B;H47.2;31;0,3333;31;0,0635
C07B;I10.90;30;0,3226;30;0,0615
C07B;H40.0;17;0,1828;17;0,0348
C07B;Z92.2;15;0,1613;15;0,0307
C07B;E11.90;12;0,129;12;0,0246
C07B;I10.00;12;0,129;12;0,0246
C07B;H35.3;10;0,1075;10;0,0205
C07B;H52.4;9;0,0968;9;0,0184
C07B;H53.4;9;0,0968;9;0,0184
C07B;H18.2;8;0,086;8;0,0164
C07B;H25.8;8;0,086;8;0,0164
C07B;H44.2;8;0,086;8;0,0164
C07B;H18.5;7;0,0753;7;0,0143
C07B;H54.4;7;0,0753;7;0,0143
C07B;E11.30;6;0,0645;8;0,0164
C07B;H36.0;6;0,0645;6;0,0123
C07B;I25.0;6;0,0645;6;0,0123
C07B;Z88.9;6;0,0645;6;0,0123
C07B;H25.1;5;0,0538;5;0,0102
C07B;H27.8;5;0,0538;5;0,0102
C07B;H34.8;5;0,0538;5;0,0102
C07B;H40.1;5;0,0538;5;0,0102
C07B;Z92.1;5;0,0538;5;0,0102
C07B;H11.3;4;0,043;4;0,0082
C07B;H35.8;4;0,043;4;0,0082
C07B;H44.4;4;0,043;4;0,0082
C07B;H52.2;4;0,043;4;0,0082
C07B;H54.1;4;0,043;4;0,0082
C07B;H54.2;4;0,043;4;0,0082
C07B;I49.9;4;0,043;4;0,0082
C07B;Z94.7;4;0,043;4;0,0082
C08B;I10.00;133;0,2418;133;0,0619
C08B;I10.90;126;0,2291;126;0,0586
C08B;Z92.2;99;0,18;99;0,046
C08B;E11.90;96;0,1745;96;0,0447
C08B;H40.1;81;0,1473;81;0,0377
C08B;Z92.1;64;0,1164;64;0,0298
C08B;Z96.1;64;0,1164;64;0,0298
C08B;H54.4;59;0,1073;59;0,0274
C08B;H35.3;57;0,1036;57;0,0265
C08B;E03.9;55;0,10;55;0,0256
C08B;R26.8;54;0,0982;54;0,0251
C08B;Z74.1;40;0,0727;40;0,0186
C08B;I69.4;35;0,0636;35;0,0163
C08B;Z74.0;34;0,0618;34;0,0158
C08B;H47.2;32;0,0582;32;0,0149
C08B;Z99.3;31;0,0564;31;0,0144
C08B;Z98.8;28;0,0509;28;0,013
C08B;R29.6;26;0,0473;26;0,0121
C08B;H18.2;25;0,0455;25;0,0116
C08B;I48.0;25;0,0455;25;0,0116
C08B;E78.5;24;0,0436;24;0,0112
C08B;H52.4;23;0,0418;23;0,0107
C08B;H40.0;21;0,0382;21;0,0098
C08B;H91.1;18;0,0327;18;0,0084
C08B;R32;18;0,0327;18;0,0084
C08B;G81.0;16;0,0291;16;0,0074
C08B;H18.5;15;0,0273;15;0,007
C08B;F03;14;0,0255;14;0,0065
C08B;H52.1;14;0,0255;14;0,0065
C08B;H52.2;14;0,0255;14;0,0065
C08B;H54.5;14;0,0255;14;0,0065
C08B;H52.0;13;0,0236;13;0,006
C08B;H54.2;13;0,0236;13;0,006
C08B;J44.09;13;0,0236;13;0,006
C08B;Z88.9;13;0,0236;13;0,006
C08B;Z95.0;13;0,0236;13;0,006
C08B;E79.0;12;0,0218;12;0,0056
C08B;H40.8;12;0,0218;12;0,0056
C08B;H54.1;12;0,0218;12;0,0056
C08B;H35.8;9;0,0164;9;0,0042
C08B;H53.0;9;0,0164;9;0,0042
C08B;I25.22;9;0,0164;9;0,0042
C08B;I49.9;9;0,0164;9;0,0042
C08B;N18.5;9;0,0164;9;0,0042
C08B;F32.9;8;0,0145;8;0,0037
C08B;G20.90;8;0,0145;8;0,0037
C08B;H21.5;8;0,0145;8;0,0037
C08B;I50.12;8;0,0145;8;0,0037
C08B;Z86.7;8;0,0145;8;0,0037
C08B;Z95.1;8;0,0145;8;0,0037
C08B;Z99.2;8;0,0145;8;0,0037
C08B;D68.9;7;0,0127;7;0,0033
C08B;G40.9;7;0,0127;7;0,0033
C08B;I25.19;7;0,0127;7;0,0033
C08B;J44.99;7;0,0127;7;0,0033
C08B;R41.0;7;0,0127;7;0,0033
C08B;Z60;7;0,0127;7;0,0033
C08B;E78.0;6;0,0109;6;0,0028
C08B;H40.9;6;0,0109;6;0,0028
C08B;H54.0;6;0,0109;6;0,0028
C08B;H57.8;6;0,0109;6;0,0028
C08B;I25.0;6;0,0109;6;0,0028
C08B;I69.3;6;0,0109;6;0,0028
C08B;N08.3;6;0,0109;6;0,0028
C08B;R15;6;0,0109;6;0,0028
C08B;E78.2;5;0,0091;5;0,0023
C08B;G81.9;5;0,0091;5;0,0023
C08B;H25.1;5;0,0091;5;0,0023
C08B;H25.8;5;0,0091;5;0,0023
C08B;H43.8;5;0,0091;5;0,0023
C08B;H44.2;5;0,0091;5;0,0023
C08B;H57.1;5;0,0091;5;0,0023
C08B;J45.9;5;0,0091;5;0,0023
C08B;M81.09;5;0,0091;5;0,0023
C08B;N18.9;5;0,0091;5;0,0023
C08B;T78.4;5;0,0091;5;0,0023
C08B;D68.8;4;0,0073;4;0,0019
C08B;E05.9;4;0,0073;4;0,0019
C08B;F20.8;4;0,0073;4;0,0019
C08B;F32.0;4;0,0073;4;0,0019
C08B;F32.8;4;0,0073;4;0,0019
C08B;G25.81;4;0,0073;4;0,0019
C08B;G35.9;4;0,0073;4;0,0019
C08B;G47.39;4;0,0073;4;0,0019
C08B;H11.0;4;0,0073;4;0,0019
C08B;H27.8;4;0,0073;4;0,0019
C08B;H35.0;4;0,0073;4;0,0019
C08B;H36.0;4;0,0073;4;0,0019
C08B;H40.2;4;0,0073;4;0,0019
C08B;I11.90;4;0,0073;4;0,0019
C08B;I48.1;4;0,0073;4;0,0019
C08B;I50.9;4;0,0073;4;0,0019
C08B;N18.3;4;0,0073;4;0,0019
C08B;N18.4;4;0,0073;4;0,0019
C08B;Q14.2;4;0,0073;4;0,0019
C08B;R42;4;0,0073;4;0,0019
C08B;Z96.6;4;0,0073;4;0,0019
C08B;Z97.8;4;0,0073;4;0,0019
C08B;Z99.1;4;0,0073;4;0,0019
C08B;Z99.8;4;0,0073;4;0,0019
C15Z;I10.00;30;0,40;30;0,0716
C15Z;H35.3;23;0,3067;23;0,0549
C15Z;Z96.1;23;0,3067;23;0,0549
C15Z;I25.0;21;0,28;21;0,0501
C15Z;Z92.1;14;0,1867;14;0,0334
C15Z;E11.30;12;0,16;20;0,0477
C15Z;H35.8;11;0,1467;11;0,0263
C15Z;H36.0;10;0,1333;10;0,0239
C15Z;H52.1;10;0,1333;10;0,0239
C15Z;I10.90;10;0,1333;10;0,0239
C15Z;Z98.8;10;0,1333;10;0,0239
C15Z;H25.1;9;0,12;9;0,0215
C15Z;H40.1;8;0,1067;8;0,0191
C15Z;H43.1;8;0,1067;8;0,0191
C15Z;H33.0;7;0,0933;7;0,0167
C15Z;H52.4;6;0,08;6;0,0143
C15Z;M54.89;6;0,08;6;0,0143
C15Z;E11.90;5;0,0667;5;0,0119
C15Z;H25.8;5;0,0667;5;0,0119
C15Z;H52.2;5;0,0667;5;0,0119
C15Z;H54.4;5;0,0667;5;0,0119
C15Z;I83.9;5;0,0667;5;0,0119
C15Z;R52.9;5;0,0667;5;0,0119
C15Z;H26.8;4;0,0533;4;0,0095
C15Z;H40.0;4;0,0533;4;0,0095
C15Z;I25.19;4;0,0533;4;0,0095
C15Z;Z92.2;4;0,0533;4;0,0095
C20B;Z96.1;53;0,2896;53;0,0903
C20B;I10.90;36;0,1967;36;0,0613
C20B;H25.8;30;0,1639;30;0,0511
C20B;E11.90;23;0,1257;23;0,0392
C20B;Z98.8;22;0,1202;22;0,0375
C20B;H35.3;21;0,1148;21;0,0358
C20B;H52.4;18;0,0984;18;0,0307
C20B;H40.1;17;0,0929;17;0,029
C20B;H21.5;16;0,0874;16;0,0273
C20B;Z92.2;15;0,082;15;0,0256
C20B;H52.2;14;0,0765;14;0,0239
C20B;H54.5;14;0,0765;14;0,0239
C20B;H52.1;12;0,0656;12;0,0204
C20B;H18.5;11;0,0601;11;0,0187
C20B;H47.2;11;0,0601;11;0,0187
C20B;Z92.1;11;0,0601;11;0,0187
C20B;H52.0;10;0,0546;10;0,017
C20B;I10.00;8;0,0437;8;0,0136
C20B;H27.8;7;0,0383;7;0,0119
C20B;I48.0;7;0,0383;7;0,0119
C20B;Z88.9;7;0,0383;7;0,0119
C20B;H54.1;6;0,0328;6;0,0102
C20B;H57.1;6;0,0328;6;0,0102
C20B;E78.2;5;0,0273;5;0,0085
C20B;H04.1;5;0,0273;5;0,0085
C20B;H54.2;5;0,0273;5;0,0085
C20B;Z48.8;5;0,0273;5;0,0085
C20B;Z88.6;5;0,0273;5;0,0085
C20B;H31.0;4;0,0219;4;0,0068
C20B;H40.0;4;0,0219;4;0,0068
C20B;R32;4;0,0219;4;0,0068
D06B;H61.3;14;0,1386;14;0,069
D06B;H70.1;9;0,0891;9;0,0443
D06B;J34.3;9;0,0891;9;0,0443
D06B;K04.5;9;0,0891;9;0,0443
D06B;J32.0;8;0,0792;8;0,0394
D06B;K10.28;8;0,0792;8;0,0394
D06B;J34.2;6;0,0594;6;0,0296
D06B;K04.6;6;0,0594;6;0,0296
D06B;Z29.8;6;0,0594;6;0,0296
D06B;H90.1;5;0,0495;5;0,0246
D06B;R11;5;0,0495;5;0,0246
D06B;D68.9;4;0,0396;4;0,0197
D06B;F17.1;4;0,0396;4;0,0197
D06B;I10.90;4;0,0396;4;0,0197
D06B;K12.28;4;0,0396;4;0,0197
D06C;J34.3;937;0,6247;956;0,2682
D06C;J34.2;785;0,5233;789;0,2213
D06C;J32.4;213;0,142;227;0,0637
D06C;J32.0;177;0,118;190;0,0533
D06C;J32.2;107;0,0713;119;0,0334
D06C;I10.00;107;0,0713;107;0,03
D06C;J33.8;61;0,0407;61;0,0171
D06C;R51;52;0,0347;53;0,0149
D06C;J34.1;50;0,0333;53;0,0149
D06C;R11;44;0,0293;48;0,0135
D06C;J33.0;41;0,0273;43;0,0121
D06C;E03.8;28;0,0187;28;0,0079
D06C;J45.9;28;0,0187;28;0,0079
D06C;E11.90;25;0,0167;25;0,007
D06C;J33.9;23;0,0153;23;0,0065
D06C;T81.0;23;0,0153;23;0,0065
D06C;R52.0;21;0,014;21;0,0059
D06C;Z88.0;19;0,0127;19;0,0053
D06C;J32.1;18;0,012;19;0,0053
D06C;J32.3;17;0,0113;17;0,0048
D06C;G47.31;16;0,0107;16;0,0045
D06C;Z11;16;0,0107;16;0,0045
D06C;Z92.2;16;0,0107;16;0,0045
D06C;J45.0;15;0,01;15;0,0042
D06C;R43.0;15;0,01;15;0,0042
D06C;M95.0;14;0,0093;20;0,0056
D06C;J32.8;13;0,0087;13;0,0036
D06C;Z88.1;13;0,0087;13;0,0036
D06C;Z88.6;13;0,0087;13;0,0036
D06C;J34.8;12;0,008;12;0,0034
D06C;J45.8;11;0,0073;11;0,0031
D06C;R06.5;11;0,0073;11;0,0031
D06C;Z60;10;0,0067;10;0,0028
D06C;Z88.8;10;0,0067;10;0,0028
D06C;I10.90;9;0,006;9;0,0025
D06C;K11.5;9;0,006;9;0,0025
D06C;R06.88;9;0,006;9;0,0025
D06C;Z86.7;9;0,006;9;0,0025
D06C;E03.9;8;0,0053;11;0,0031
D06C;J35.2;8;0,0053;9;0,0025
D06C;E66.00;8;0,0053;8;0,0022
D06C;E78.2;8;0,0053;8;0,0022
D06C;H65.3;7;0,0047;8;0,0022
D06C;E66.01;7;0,0047;7;0,002
D06C;E66.80;7;0,0047;7;0,002
D06C;H70.1;7;0,0047;7;0,002
D06C;H65.4;6;0,004;6;0,0017
D06C;I10.01;6;0,004;6;0,0017
D06C;J01.9;6;0,004;6;0,0017
D06C;K59.0;6;0,004;6;0,0017
D06C;D14.0;5;0,0033;5;0,0014
D06C;E66.09;5;0,0033;5;0,0014
D06C;H71;5;0,0033;5;0,0014
D06C;J42;5;0,0033;5;0,0014
D06C;Q67.4;5;0,0033;5;0,0014
D06C;R55;5;0,0033;5;0,0014
D06C;Z96.6;5;0,0033;5;0,0014
D06C;E78.5;4;0,0027;5;0,0014
D06C;R03.0;4;0,0027;5;0,0014
D06C;R42;4;0,0027;5;0,0014
D06C;T88.4;4;0,0027;5;0,0014
D06C;T88.7;4;0,0027;5;0,0014
D06C;E79.0;4;0,0027;4;0,0011
D06C;I49.9;4;0,0027;4;0,0011
D06C;J01.0;4;0,0027;4;0,0011
D06C;J35.0;4;0,0027;4;0,0011
D06C;J41.0;4;0,0027;4;0,0011
D12B;J31.2;61;0,2234;61;0,099
D12B;J34.3;47;0,1722;47;0,0763
D12B;J34.2;42;0,1538;42;0,0682
D12B;R06.5;30;0,1099;30;0,0487
D12B;I10.00;24;0,0879;24;0,039
D12B;S01.84;23;0,0842;23;0,0373
D12B;G47.31;22;0,0806;22;0,0357
D12B;C44.3;20;0,0733;22;0,0357
D12B;Z92.1;18;0,0659;18;0,0292
D12B;K13.7;16;0,0586;16;0,026
D12B;J39.2;14;0,0513;14;0,0227
D12B;J35.0;12;0,044;12;0,0195
D12B;I10.90;8;0,0293;8;0,013
D12B;Z60;8;0,0293;8;0,013
D12B;J35.1;7;0,0256;7;0,0114
D12B;R54;7;0,0256;7;0,0114
D12B;T81.0;7;0,0256;7;0,0114
D12B;E03.8;6;0,022;6;0,0097
D12B;E11.90;6;0,022;6;0,0097
D12B;R51;6;0,022;6;0,0097
D12B;D10.3;4;0,0147;4;0,0065
D12B;I10.10;4;0,0147;4;0,0065
D12B;I25.8;4;0,0147;4;0,0065
D12B;I50.9;4;0,0147;4;0,0065
D12B;J35.2;4;0,0147;4;0,0065
D12B;J35.8;4;0,0147;4;0,0065
D12B;J37.0;4;0,0147;4;0,0065
D12B;J39.80;4;0,0147;4;0,0065
D12B;R11;4;0,0147;4;0,0065
D12B;S02.2;4;0,0147;4;0,0065
D12B;Z11;4;0,0147;4;0,0065
D13B;D68.30;34;0,3778;34;0,0865
D13B;Z92.1;25;0,2778;25;0,0636
D13B;T81.0;17;0,1889;17;0,0433
D13B;I10.90;16;0,1778;16;0,0407
D13B;E10.90;11;0,1222;11;0,028
D13B;J35.2;11;0,1222;11;0,028
D13B;K08.3;10;0,1111;11;0,028
D13B;I15.90;10;0,1111;10;0,0254
D13B;K10.3;10;0,1111;10;0,0254
D13B;Z92.2;8;0,0889;8;0,0204
D13B;M81.99;7;0,0778;7;0,0178
D13B;I10.00;6;0,0667;6;0,0153
D13B;I48.9;6;0,0667;6;0,0153
D13B;I49.9;6;0,0667;6;0,0153
D13B;H65.2;5;0,0556;5;0,0127
D13B;I69.4;5;0,0556;5;0,0127
D13B;E78.0;4;0,0444;4;0,0102
D13B;H65.3;4;0,0444;4;0,0102
D13B;I25.19;4;0,0444;4;0,0102
D13B;I50.9;4;0,0444;4;0,0102
D13B;K08.0;4;0,0444;4;0,0102
D13B;R26.8;4;0,0444;4;0,0102
D13B;Z60;4;0,0444;4;0,0102
D13B;Z86.7;4;0,0444;4;0,0102
D13B;Z95.2;4;0,0444;4;0,0102
D22B;Z92.1;33;0,44;33;0,0759
D22B;K08.3;23;0,3067;23;0,0529
D22B;I10.00;16;0,2133;16;0,0368
D22B;I10.90;14;0,1867;14;0,0322
D22B;K10.3;9;0,12;9;0,0207
D22B;K08.0;7;0,0933;7;0,0161
D22B;Z92.2;7;0,0933;7;0,0161
D22B;E78.2;6;0,08;6;0,0138
D22B;I50.9;6;0,08;6;0,0138
D22B;K02.2;6;0,08;6;0,0138
D22B;E05.9;5;0,0667;5;0,0115
D22B;E10.90;5;0,0667;5;0,0115
D22B;E11.90;5;0,0667;5;0,0115
D22B;I50.11;5;0,0667;5;0,0115
D22B;I69.4;5;0,0667;5;0,0115
D22B;K09.0;5;0,0667;5;0,0115
D22B;Z99.3;5;0,0667;5;0,0115
D22B;D68.9;4;0,0533;4;0,0092
D22B;I25.9;4;0,0533;4;0,0092
D22B;I48.0;4;0,0533;4;0,0092
D22B;I48.2;4;0,0533;4;0,0092
D22B;I48.9;4;0,0533;4;0,0092
D22B;K05.5;4;0,0533;4;0,0092
D22B;Z45.9;4;0,0533;4;0,0092
D22B;Z60;4;0,0533;4;0,0092
D28Z;K07.3;20;0,2174;20;0,177
D28Z;K07.1;8;0,087;8;0,0708
D28Z;R11;5;0,0543;5;0,0442
D30A;H61.3;62;0,2793;62;0,2385
D30A;I10.00;15;0,0676;15;0,0577
D30A;H72.8;9;0,0405;9;0,0346
D30A;J34.3;8;0,036;8;0,0308
D30A;R11;8;0,036;8;0,0308
D30A;H90.1;7;0,0315;7;0,0269
D30A;J34.2;6;0,027;6;0,0231
D30A;E03.8;4;0,018;4;0,0154
D30A;H61.8;4;0,018;4;0,0154
D30A;H65.3;4;0,018;4;0,0154
D30A;H71;4;0,018;4;0,0154
D30B;J35.2;417;0,1673;418;0,1869
D30B;J35.0;325;0,1304;334;0,1494
D30B;R11;103;0,0413;129;0,0577
D30B;J35.3;97;0,0389;111;0,0496
D30B;J35.1;75;0,0301;85;0,038
D30B;T81.0;73;0,0293;73;0,0326
D30B;K14.8;67;0,0269;74;0,0331
D30B;Z11;50;0,0201;50;0,0224
D30B;H65.4;49;0,0197;51;0,0228
D30B;I10.00;38;0,0152;40;0,0179
D30B;G47.31;38;0,0152;38;0,017
D30B;H65.2;37;0,0148;53;0,0237
D30B;H65.9;32;0,0128;33;0,0148
D30B;H65.3;31;0,0124;34;0,0152
D30B;K30;31;0,0124;31;0,0139
D30B;J03.9;24;0,0096;24;0,0107
D30B;E03.8;22;0,0088;22;0,0098
D30B;J34.3;19;0,0076;19;0,0085
D30B;R07.0;17;0,0068;17;0,0076
D30B;R52.0;17;0,0068;17;0,0076
D30B;J38.2;12;0,0048;12;0,0054
D30B;J45.9;12;0,0048;12;0,0054
D30B;Z88.0;12;0,0048;12;0,0054
D30B;J35.8;11;0,0044;12;0,0054
D30B;E03.9;11;0,0044;11;0,0049
D30B;J38.4;10;0,004;10;0,0045
D30B;Y57.9;10;0,004;10;0,0045
D30B;R50.9;9;0,0036;11;0,0049
D30B;I88.9;9;0,0036;9;0,004
D30B;J36;9;0,0036;9;0,004
D30B;E11.90;8;0,0032;8;0,0036
D30B;H92.0;8;0,0032;8;0,0036
D30B;J45.0;7;0,0028;8;0,0036
D30B;E66.00;7;0,0028;7;0,0031
D30B;E66.02;7;0,0028;7;0,0031
D30B;T88.5;7;0,0028;7;0,0031
D30B;Z88.8;7;0,0028;7;0,0031
D30B;E86;6;0,0024;6;0,0027
D30B;F17.1;6;0,0024;6;0,0027
D30B;I10.01;6;0,0024;6;0,0027
D30B;J38.3;6;0,0024;6;0,0027
D30B;R06.5;6;0,0024;6;0,0027
D30B;Z53;6;0,0024;6;0,0027
D30B;Z88.1;6;0,0024;6;0,0027
D30B;E66.90;5;0,002;6;0,0027
D30B;J39.2;5;0,002;6;0,0027
D30B;R51;5;0,002;5;0,0022
D30B;Z91.0;5;0,002;5;0,0022
D30B;E06.3;4;0,0016;5;0,0022
D30B;F32.9;4;0,0016;5;0,0022
D30B;I88.1;4;0,0016;5;0,0022
D30B;T88.4;4;0,0016;5;0,0022
D30B;E66.81;4;0,0016;4;0,0018
D30B;G47.39;4;0,0016;4;0,0018
D30B;J37.0;4;0,0016;4;0,0018
D30B;J38.1;4;0,0016;4;0,0018
D30B;J41.0;4;0,0016;4;0,0018
D30B;J42;4;0,0016;4;0,0018
D30B;K21.9;4;0,0016;4;0,0018
D30B;R03.0;4;0,0016;4;0,0018
D30B;R04.0;4;0,0016;4;0,0018
D30B;R13.9;4;0,0016;4;0,0018
D30B;R42;4;0,0016;4;0,0018
D30B;Y84.9;4;0,0016;4;0,0018
D30B;Z48.8;4;0,0016;4;0,0018
D30B;Z74.1;4;0,0016;4;0,0018
D30B;Z86.7;4;0,0016;4;0,0018
D37B;J34.3;106;0,7361;108;0,2455
D37B;J34.2;105;0,7292;107;0,2432
D37B;J32.0;58;0,4028;58;0,1318
D37B;M95.0;33;0,2292;35;0,0795
D37B;J34.8;15;0,1042;15;0,0341
D37B;R06.88;15;0,1042;15;0,0341
D37B;R06.5;14;0,0972;14;0,0318
D37B;R51;14;0,0972;14;0,0318
D37B;R11;8;0,0556;8;0,0182
D37B;S02.2;7;0,0486;7;0,0159
D37B;G47.31;5;0,0347;5;0,0114
D37B;R43.0;4;0,0278;4;0,0091
D38Z;J34.3;1095;0,7912;1148;0,473
D38Z;J34.2;397;0,2868;397;0,1636
D38Z;I10.00;76;0,0549;77;0,0317
D38Z;T81.0;40;0,0289;41;0,0169
D38Z;R11;37;0,0267;37;0,0152
D38Z;R51;27;0,0195;27;0,0111
D38Z;E03.8;25;0,0181;25;0,0103
D38Z;M95.0;23;0,0166;31;0,0128
D38Z;Z11;23;0,0166;23;0,0095
D38Z;J35.2;21;0,0152;23;0,0095
D38Z;J35.0;19;0,0137;19;0,0078
D38Z;G47.31;18;0,013;18;0,0074
D38Z;R06.88;18;0,013;18;0,0074
D38Z;R52.0;17;0,0123;17;0,007
D38Z;E11.90;13;0,0094;13;0,0054
D38Z;Y69;13;0,0094;13;0,0054
D38Z;Z60;13;0,0094;13;0,0054
D38Z;K30;12;0,0087;12;0,0049
D38Z;R06.5;12;0,0087;12;0,0049
D38Z;J32.4;11;0,0079;11;0,0045
D38Z;R04.0;9;0,0065;10;0,0041
D38Z;J45.9;8;0,0058;8;0,0033
D38Z;Q67.4;8;0,0058;8;0,0033
D38Z;Z88.0;8;0,0058;8;0,0033
D38Z;J32.0;7;0,0051;7;0,0029
D38Z;J45.8;7;0,0051;7;0,0029
D38Z;R42;7;0,0051;7;0,0029
D38Z;T88.5;7;0,0051;7;0,0029
D38Z;E66.00;6;0,0043;6;0,0025
D38Z;E66.80;6;0,0043;6;0,0025
D38Z;E79.0;6;0,0043;6;0,0025
D38Z;E89.0;6;0,0043;6;0,0025
D38Z;H65.3;6;0,0043;6;0,0025
D38Z;I10.01;6;0,0043;6;0,0025
D38Z;J34.8;6;0,0043;6;0,0025
D38Z;J45.0;6;0,0043;6;0,0025
D38Z;Z86.7;6;0,0043;6;0,0025
D38Z;Z88.6;6;0,0043;6;0,0025
D38Z;D68.5;5;0,0036;5;0,0021
D38Z;E03.9;5;0,0036;5;0,0021
D38Z;E66.01;5;0,0036;5;0,0021
D38Z;E78.5;5;0,0036;5;0,0021
D38Z;Z92.2;5;0,0036;5;0,0021
D38Z;E78.2;4;0,0029;4;0,0016
D38Z;F32.9;4;0,0029;4;0,0016
D38Z;I10.90;4;0,0029;4;0,0016
D38Z;J35.3;4;0,0029;4;0,0016
D38Z;J38.3;4;0,0029;4;0,0016
D38Z;K13.7;4;0,0029;4;0,0016
D38Z;K59.0;4;0,0029;4;0,0016
D38Z;S00.1;4;0,0029;4;0,0016
D38Z;Z48.0;4;0,0029;4;0,0016
D38Z;Z88.8;4;0,0029;4;0,0016
D38Z;Z92.1;4;0,0029;4;0,0016
D40Z;K04.5;43;0,4674;43;0,0741
D40Z;Z92.1;32;0,3478;32;0,0552
D40Z;I10.00;28;0,3043;28;0,0483
D40Z;K08.3;26;0,2826;26;0,0448
D40Z;D68.9;24;0,2609;24;0,0414
D40Z;K10.28;19;0,2065;19;0,0328
D40Z;Z95.0;14;0,1522;14;0,0241
D40Z;E11.90;12;0,1304;12;0,0207
D40Z;F03;10;0,1087;10;0,0172
D40Z;I10.90;9;0,0978;9;0,0155
D40Z;I50.9;9;0,0978;9;0,0155
D40Z;K03.6;9;0,0978;9;0,0155
D40Z;K05.3;8;0,087;8;0,0138
D40Z;Z99.3;8;0,087;8;0,0138
D40Z;K01.0;7;0,0761;7;0,0121
D40Z;K02.1;7;0,0761;7;0,0121
D40Z;F32.9;6;0,0652;6;0,0103
D40Z;I48.0;6;0,0652;6;0,0103
D40Z;T78.4;6;0,0652;6;0,0103
D40Z;Z95.5;6;0,0652;6;0,0103
D40Z;E14.80;5;0,0543;5;0,0086
D40Z;F01.0;5;0,0543;5;0,0086
D40Z;I25.29;5;0,0543;5;0,0086
D40Z;I69.4;5;0,0543;5;0,0086
D40Z;R15;5;0,0543;5;0,0086
D40Z;E03.8;4;0,0435;4;0,0069
D40Z;E78.2;4;0,0435;4;0,0069
D40Z;G40.6;4;0,0435;4;0,0069
D40Z;G81.0;4;0,0435;4;0,0069
D40Z;I25.9;4;0,0435;4;0,0069
D40Z;I48.2;4;0,0435;4;0,0069
D40Z;I49.9;4;0,0435;4;0,0069
D40Z;I50.11;4;0,0435;4;0,0069
D40Z;L23.3;4;0,0435;4;0,0069
D40Z;N39.42;4;0,0435;4;0,0069
D40Z;Z92.2;4;0,0435;4;0,0069
D40Z;Z95.1;4;0,0435;4;0,0069
D40Z;Z96.6;4;0,0435;4;0,0069
D61A;I10.00;35;0,2121;36;0,144
D61A;R42;17;0,103;18;0,072
D61A;E11.90;16;0,097;16;0,064
D61A;H93.1;16;0,097;16;0,064
D61A;H91.2;12;0,0727;12;0,048
D61A;Z92.1;9;0,0545;9;0,036
D61A;Z92.2;9;0,0545;9;0,036
D61A;I10.90;8;0,0485;8;0,032
D61A;E03.9;6;0,0364;6;0,024
D61A;H93.3;5;0,0303;5;0,02
D61A;F32.9;4;0,0242;4;0,016
D61A;H83.2;4;0,0242;4;0,016
D61B;E03.9;5;0,0658;5;0,0714
D61B;I10.00;5;0,0658;5;0,0714
D61B;I10.90;4;0,0526;4;0,0571
D61B;R42;4;0,0526;4;0,0571
D62Z;I10.00;20;0,1081;21;0,0792
D62Z;E11.90;17;0,0919;18;0,0679
D62Z;E86;14;0,0757;14;0,0528
D62Z;Y57.9;10;0,0541;10;0,0377
D62Z;Z92.1;10;0,0541;10;0,0377
D62Z;Z92.2;9;0,0486;9;0,034
D62Z;R51;7;0,0378;7;0,0264
D62Z;R11;6;0,0324;6;0,0226
D62Z;R50.9;6;0,0324;6;0,0226
D62Z;Z86.7;6;0,0324;6;0,0226
D62Z;J03.9;5;0,027;5;0,0189
D62Z;J03.8;4;0,0216;4;0,0151
D66Z;I10.00;25;0,2778;26;0,1469
D66Z;R13.9;9;0,10;9;0,0508
D66Z;E11.90;6;0,0667;6;0,0339
D66Z;Z92.2;5;0,0556;5;0,0282
D66Z;Z03.1;4;0,0444;4;0,0226
G67C;E86;45;0,5294;45;0,2381
G67C;Z03.8;8;0,0941;8;0,0423
G67C;I10.90;7;0,0824;7;0,037
G67C;Z92.1;6;0,0706;6;0,0317
G67C;E87.2;5;0,0588;5;0,0265
G67C;R11;5;0,0588;5;0,0265
G67C;E11.90;4;0,0471;4;0,0212
I10E;G55.1;65;0,5963;65;0,1738
I10E;I10.90;37;0,3394;37;0,0989
I10E;E11.90;16;0,1468;16;0,0428
I10E;Z74.1;15;0,1376;15;0,0401
I10E;G55.3;12;0,1101;12;0,0321
I10E;I10.00;10;0,0917;10;0,0267
I10E;R11;9;0,0826;9;0,0241
I10E;E03.9;7;0,0642;7;0,0187
I10E;M48.06;7;0,0642;7;0,0187
I10E;M51.2;7;0,0642;7;0,0187
I10E;M62.58;7;0,0642;7;0,0187
I10E;M99.63;7;0,0642;7;0,0187
I10E;E66.90;6;0,055;6;0,016
I10E;J42;6;0,055;6;0,016
I10E;M51.1;6;0,055;6;0,016
I10E;E78.0;5;0,0459;5;0,0134
I10E;M42.16;4;0,0367;4;0,0107
I10E;Z88.6;4;0,0367;4;0,0107
I10E;Z88.9;4;0,0367;4;0,0107
I10E;Z91.0;4;0,0367;4;0,0107
I10E;Z92.1;4;0,0367;4;0,0107
I10E;Z96.6;4;0,0367;4;0,0107
I10F;G55.1;106;0,7067;106;0,2573
I10F;I10.90;27;0,18;27;0,0655
I10F;I10.00;23;0,1533;23;0,0558
I10F;M54.16;15;0,10;15;0,0364
I10F;E66.90;13;0,0867;13;0,0316
I10F;M42.10;13;0,0867;13;0,0316
I10F;M51.0;12;0,08;12;0,0291
I10F;M48.06;10;0,0667;10;0,0243
I10F;J45.9;7;0,0467;7;0,017
I10F;M43.16;7;0,0467;7;0,017
I10F;M51.1;7;0,0467;7;0,017
I10F;E11.90;6;0,04;6;0,0146
I10F;E78.2;6;0,04;6;0,0146
I10F;E66.91;5;0,0333;5;0,0121
I10F;M51.2;5;0,0333;5;0,0121
I10F;M99.73;5;0,0333;5;0,0121
I10F;R11;5;0,0333;5;0,0121
I10F;G57.3;4;0,0267;4;0,0097
I10F;Z11;4;0,0267;4;0,0097
I10F;Z98.8;4;0,0267;4;0,0097
I16Z;M75.4;86;0,4115;87;0,1192
I16Z;I10.00;56;0,2679;56;0,0767
I16Z;M75.5;42;0,201;42;0,0575
I16Z;M19.91;26;0,1244;26;0,0356
I16Z;I10.90;25;0,1196;25;0,0342
I16Z;E11.90;23;0,11;23;0,0315
I16Z;M25.61;19;0,0909;19;0,026
I16Z;M75.1;18;0,0861;18;0,0247
I16Z;E03.8;17;0,0813;17;0,0233
I16Z;Z48.0;16;0,0766;16;0,0219
I16Z;Z74.0;16;0,0766;16;0,0219
I16Z;M19.81;15;0,0718;15;0,0205
I16Z;M75.3;15;0,0718;15;0,0205
I16Z;E66.00;13;0,0622;13;0,0178
I16Z;E78.2;12;0,0574;12;0,0164
I16Z;Z88.0;12;0,0574;12;0,0164
I16Z;M75.8;10;0,0478;10;0,0137
I16Z;M65.91;9;0,0431;9;0,0123
I16Z;M67.21;9;0,0431;9;0,0123
I16Z;Z88.8;9;0,0431;9;0,0123
I16Z;Z95.5;9;0,0431;9;0,0123
I16Z;Z96.6;9;0,0431;9;0,0123
I16Z;J45.9;8;0,0383;8;0,011
I16Z;M75.0;8;0,0383;8;0,011
I16Z;Z86.7;8;0,0383;8;0,011
I16Z;Z92.1;8;0,0383;8;0,011
I16Z;G47.39;7;0,0335;7;0,0096
I16Z;Z92.2;7;0,0335;7;0,0096
I16Z;E03.9;6;0,0287;6;0,0082
I16Z;E89.0;6;0,0287;6;0,0082
I16Z;J44.89;6;0,0287;6;0,0082
I16Z;Z88.6;6;0,0287;6;0,0082
I16Z;E66.02;5;0,0239;5;0,0068
I16Z;E66.90;5;0,0239;5;0,0068
I16Z;I25.22;5;0,0239;5;0,0068
I16Z;K21.9;5;0,0239;5;0,0068
I16Z;M19.01;5;0,0239;5;0,0068
I16Z;R11;5;0,0239;5;0,0068
I16Z;Z74.2;5;0,0239;5;0,0068
I16Z;E66.01;4;0,0191;4;0,0055
I16Z;E66.91;4;0,0191;4;0,0055
I16Z;E78.8;4;0,0191;4;0,0055
I16Z;F17.2;4;0,0191;4;0,0055
I16Z;M65.81;4;0,0191;4;0,0055
I16Z;T88.5;4;0,0191;4;0,0055
I18B;M94.26;90;0,4945;90;0,1112
I18B;M65.86;49;0,2692;49;0,0606
I18B;I10.00;46;0,2527;46;0,0569
I18B;M23.36;24;0,1319;24;0,0297
I18B;M23.4;20;0,1099;20;0,0247
I18B;E03.8;19;0,1044;19;0,0235
I18B;E11.90;19;0,1044;19;0,0235
I18B;I10.90;19;0,1044;19;0,0235
I18B;M23.33;19;0,1044;19;0,0235
I18B;M79.46;18;0,0989;18;0,0222
I18B;M22.4;17;0,0934;17;0,021
I18B;M23.32;17;0,0934;17;0,021
I18B;M67.86;16;0,0879;17;0,021
I18B;M23.89;14;0,0769;14;0,0173
I18B;M65.96;13;0,0714;13;0,0161
I18B;E66.00;12;0,0659;12;0,0148
I18B;E78.2;12;0,0659;12;0,0148
I18B;I97.9;11;0,0604;11;0,0136
I18B;Z92.2;11;0,0604;11;0,0136
I18B;E66.01;10;0,0549;10;0,0124
I18B;M65.80;10;0,0549;10;0,0124
I18B;Z86.7;9;0,0495;9;0,0111
I18B;Z96.6;9;0,0495;9;0,0111
I18B;M17.9;8;0,044;8;0,0099
I18B;M67.36;8;0,044;8;0,0099
I18B;Z74.1;8;0,044;8;0,0099
I18B;Z88.6;8;0,044;8;0,0099
I18B;E66.90;7;0,0385;7;0,0087
I18B;E66.91;7;0,0385;7;0,0087
I18B;M17.1;7;0,0385;7;0,0087
I18B;Z88.0;7;0,0385;7;0,0087
I18B;Z88.8;7;0,0385;7;0,0087
I18B;Z88.9;7;0,0385;7;0,0087
I18B;Z95.5;7;0,0385;7;0,0087
I18B;M23.22;6;0,033;6;0,0074
I18B;M23.99;6;0,033;6;0,0074
I18B;N40;6;0,033;6;0,0074
I18B;Z91.0;6;0,033;6;0,0074
I18B;G47.39;5;0,0275;5;0,0062
I18B;M23.23;5;0,0275;5;0,0062
I18B;M23.26;5;0,0275;5;0,0062
I18B;M23.35;5;0,0275;5;0,0062
I18B;M65.89;5;0,0275;5;0,0062
I18B;M94.96;5;0,0275;5;0,0062
I18B;Z92.1;5;0,0275;5;0,0062
I18B;Z98.8;5;0,0275;5;0,0062
I18B;K21.9;4;0,022;4;0,0049
I18B;M23.39;4;0,022;4;0,0049
I18B;M23.51;4;0,022;4;0,0049
I18B;Z95.0;4;0,022;4;0,0049
I20C;M65.87;14;0,1842;14;0,0569
I20C;I10.00;13;0,1711;13;0,0528
I20C;M20.1;13;0,1711;13;0,0528
I20C;M20.4;12;0,1579;12;0,0488
I20C;M25.37;10;0,1316;10;0,0407
I20C;M20.2;9;0,1184;9;0,0366
I20C;M77.4;7;0,0921;7;0,0285
I20C;Z88.9;7;0,0921;7;0,0285
I20C;E66.00;6;0,0789;6;0,0244
I20C;M79.67;6;0,0789;6;0,0244
I20C;M24.07;5;0,0658;5;0,0203
I20C;M24.57;5;0,0658;5;0,0203
I20C;M25.57;5;0,0658;5;0,0203
I20C;Z46.7;5;0,0658;5;0,0203
I20C;Z48.0;5;0,0658;5;0,0203
I20C;E03.8;4;0,0526;4;0,0163
I20C;I10.90;4;0,0526;4;0,0163
I20C;M20.3;4;0,0526;4;0,0163
I20C;M21.6;4;0,0526;4;0,0163
I20C;R26.8;4;0,0526;4;0,0163
I20C;Z74.0;4;0,0526;4;0,0163
I20G;I10.00;14;0,1333;14;0,0536
I20G;I10.90;13;0,1238;13;0,0498
I20G;M89.97;11;0,1048;12;0,046
I20G;M20.1;9;0,0857;9;0,0345
I20G;R11;9;0,0857;9;0,0345
I20G;Z88.6;8;0,0762;8;0,0307
I20G;Z88.8;8;0,0762;8;0,0307
I20G;J45.9;7;0,0667;7;0,0268
I20G;Z47.0;6;0,0571;6;0,023
I20G;Z88.0;6;0,0571;6;0,023
I20G;Z98.8;6;0,0571;6;0,023
I20G;E66.90;5;0,0476;5;0,0192
I20G;M20.3;5;0,0476;5;0,0192
I20G;R42;5;0,0476;5;0,0192
I20G;E11.90;4;0,0381;4;0,0153
I20G;M20.5;4;0,0381;4;0,0153
I20G;Z46.7;4;0,0381;4;0,0153
I20G;Z48.0;4;0,0381;4;0,0153
I20G;Z74.0;4;0,0381;4;0,0153
I27D;I10.00;24;0,1341;24;0,0439
I27D;Z47.0;23;0,1285;23;0,042
I27D;M75.5;21;0,1173;21;0,0384
I27D;M75.4;18;0,1006;18;0,0329
I27D;M65.87;16;0,0894;16;0,0293
I27D;I10.90;14;0,0782;14;0,0256
I27D;S93.43;12;0,067;12;0,0219
I27D;M19.91;11;0,0615;11;0,0201
I27D;M76.6;11;0,0615;11;0,0201
I27D;S93.41;11;0,0615;11;0,0201
I27D;E11.90;10;0,0559;10;0,0183
I27D;E66.90;10;0,0559;10;0,0183
I27D;Z88.0;10;0,0559;10;0,0183
I27D;Z48.0;9;0,0503;9;0,0165
I27D;M75.2;8;0,0447;8;0,0146
I27D;M94.26;8;0,0447;8;0,0146
I27D;E66.00;7;0,0391;7;0,0128
I27D;R11;7;0,0391;7;0,0128
I27D;S93.42;7;0,0391;7;0,0128
I27D;E78.2;6;0,0335;6;0,011
I27D;F17.2;6;0,0335;6;0,011
I27D;J45.0;6;0,0335;6;0,011
I27D;Z86.7;6;0,0335;6;0,011
I27D;Z88.6;6;0,0335;6;0,011
I27D;Z88.8;6;0,0335;6;0,011
I27D;E66.01;5;0,0279;5;0,0091
I27D;Z88.9;5;0,0279;5;0,0091
I27D;Z96.6;5;0,0279;5;0,0091
I27D;E03.8;4;0,0223;4;0,0073
I27D;J45.9;4;0,0223;4;0,0073
I27D;M19.97;4;0,0223;4;0,0073
I27D;M23.22;4;0,0223;4;0,0073
I27D;M23.89;4;0,0223;4;0,0073
I27D;M24.57;4;0,0223;4;0,0073
I27D;M65.96;4;0,0223;4;0,0073
I27D;M67.0;4;0,0223;4;0,0073
I27D;M67.43;4;0,0223;4;0,0073
I27D;M67.87;4;0,0223;4;0,0073
I27D;M71.2;4;0,0223;4;0,0073
I27D;M77.9;4;0,0223;4;0,0073
I27D;M89.97;4;0,0223;4;0,0073
I27D;S93.40;4;0,0223;4;0,0073
I27D;Z46.7;4;0,0223;4;0,0073
I27D;Z91.0;4;0,0223;4;0,0073
I29B;M75.4;119;0,5694;120;0,1542
I29B;M75.1;87;0,4163;89;0,1144
I29B;I10.00;56;0,2679;56;0,072
I29B;M75.5;43;0,2057;43;0,0553
I29B;M19.91;23;0,11;23;0,0296
I29B;M75.2;18;0,0861;18;0,0231
I29B;E03.8;16;0,0766;16;0,0206
I29B;Z92.2;16;0,0766;16;0,0206
I29B;E11.90;15;0,0718;15;0,0193
I29B;I10.90;14;0,067;14;0,018
I29B;E66.00;12;0,0574;12;0,0154
I29B;M19.01;12;0,0574;12;0,0154
I29B;M67.21;11;0,0526;11;0,0141
I29B;M75.3;11;0,0526;11;0,0141
I29B;Z95.5;11;0,0526;11;0,0141
I29B;Z48.0;10;0,0478;10;0,0129
I29B;Z74.0;10;0,0478;10;0,0129
I29B;E78.2;9;0,0431;9;0,0116
I29B;M75.8;9;0,0431;9;0,0116
I29B;Z46.7;8;0,0383;8;0,0103
I29B;M25.31;7;0,0335;8;0,0103
I29B;G47.39;6;0,0287;6;0,0077
I29B;Z88.0;6;0,0287;6;0,0077
I29B;Z88.8;6;0,0287;6;0,0077
I29B;Z96.6;6;0,0287;6;0,0077
I29B;E03.9;5;0,0239;5;0,0064
I29B;E78.8;5;0,0239;5;0,0064
I29B;E79.0;5;0,0239;5;0,0064
I29B;I25.22;5;0,0239;5;0,0064
I29B;I83.9;5;0,0239;5;0,0064
I29B;K21.9;5;0,0239;5;0,0064
I29B;M75.0;5;0,0239;5;0,0064
I29B;E66.01;4;0,0191;4;0,0051
I29B;E66.80;4;0,0191;4;0,0051
I29B;E78.5;4;0,0191;4;0,0051
I29B;I25.11;4;0,0191;4;0,0051
I29B;I48.0;4;0,0191;4;0,0051
I29B;M65.91;4;0,0191;4;0,0051
I29B;N40;4;0,0191;4;0,0051
I29B;R11;4;0,0191;4;0,0051
I29B;R42;4;0,0191;4;0,0051
I29B;Z86.7;4;0,0191;4;0,0051
I29B;Z92.1;4;0,0191;4;0,0051
I30Z;M94.26;54;0,4821;54;0,1521
I30Z;M65.96;29;0,2589;29;0,0817
I30Z;Z88.9;25;0,2232;25;0,0704
I30Z;M65.80;21;0,1875;21;0,0592
I30Z;M23.89;20;0,1786;20;0,0563
I30Z;Z74.1;14;0,125;14;0,0394
I30Z;M23.33;13;0,1161;13;0,0366
I30Z;Z47.0;12;0,1071;12;0,0338
I30Z;M23.36;10;0,0893;10;0,0282
I30Z;M23.81;10;0,0893;10;0,0282
I30Z;M23.4;9;0,0804;9;0,0254
I30Z;M65.89;9;0,0804;9;0,0254
I30Z;R11;8;0,0714;8;0,0225
I30Z;M23.22;6;0,0536;6;0,0169
I30Z;I10.90;5;0,0446;5;0,0141
I30Z;M23.23;5;0,0446;5;0,0141
I30Z;Z86.7;5;0,0446;5;0,0141
I30Z;M23.35;4;0,0357;4;0,0113
I30Z;M23.84;4;0,0357;4;0,0113
I30Z;M65.86;4;0,0357;4;0,0113
I30Z;S83.53;4;0,0357;4;0,0113
I44B;I10.00;238;0,3645;238;0,0739
I44B;Z96.6;156;0,2389;157;0,0488
I44B;Z74.1;155;0,2374;155;0,0482
I44B;E11.90;118;0,1807;118;0,0367
I44B;M70.4;100;0,1531;100;0,0311
I44B;M22.8;94;0,144;94;0,0292
I44B;I10.90;90;0,1378;90;0,028
I44B;E66.00;88;0,1348;88;0,0273
I44B;M24.29;82;0,1256;82;0,0255
I44B;D62;74;0,1133;74;0,023
I44B;Z48.0;70;0,1072;70;0,0217
I44B;Z74.0;70;0,1072;70;0,0217
I44B;Z92.2;62;0,0949;62;0,0193
I44B;R26.8;60;0,0919;60;0,0186
I44B;M65.86;53;0,0812;53;0,0165
I44B;M65.96;53;0,0812;53;0,0165
I44B;M85.89;52;0,0796;52;0,0162
I44B;D50.0;51;0,0781;51;0,0158
I44B;E78.2;48;0,0735;48;0,0149
I44B;M22.9;46;0,0704;46;0,0143
I44B;Z86.7;46;0,0704;46;0,0143
I44B;E66.01;38;0,0582;38;0,0118
I44B;K59.0;37;0,0567;37;0,0115
I44B;Z98.8;32;0,049;32;0,0099
I44B;Z92.1;29;0,0444;29;0,009
I44B;R11;28;0,0429;28;0,0087
I44B;E03.9;27;0,0413;27;0,0084
I44B;E78.5;26;0,0398;26;0,0081
I44B;M17.1;26;0,0398;26;0,0081
I44B;T81.0;26;0,0398;26;0,0081
I44B;Z91.0;26;0,0398;26;0,0081
I44B;E66.02;25;0,0383;25;0,0078
I44B;E78.0;25;0,0383;25;0,0078
I44B;E66.90;24;0,0368;24;0,0075
I44B;E79.0;23;0,0352;23;0,0071
I44B;Z88.0;23;0,0352;23;0,0071
I44B;Z29.8;22;0,0337;22;0,0068
I44B;J45.9;21;0,0322;21;0,0065
I44B;M22.2;21;0,0322;21;0,0065
I44B;Z88.9;21;0,0322;21;0,0065
I44B;Z95.5;20;0,0306;20;0,0062
I44B;E03.8;19;0,0291;19;0,0059
I44B;I25.19;19;0,0291;19;0,0059
I44B;G47.39;17;0,026;17;0,0053
I44B;I11.90;17;0,026;17;0,0053
I44B;Z60;16;0,0245;16;0,005
I44B;Z88.6;15;0,023;15;0,0047
I44B;Z88.8;15;0,023;15;0,0047
I44B;Z87.1;14;0,0214;14;0,0043
I44B;E66.91;13;0,0199;13;0,004
I44B;E87.6;13;0,0199;13;0,004
I44B;S83.50;13;0,0199;13;0,004
I44B;E89.0;12;0,0184;12;0,0037
I44B;D50.8;11;0,0168;11;0,0034
I44B;F32.9;11;0,0168;11;0,0034
I44B;N18.3;10;0,0153;10;0,0031
I44B;Z46.6;10;0,0153;10;0,0031
I44B;N39.0;9;0,0138;11;0,0034
I44B;I10.01;9;0,0138;9;0,0028
I44B;I25.22;9;0,0138;9;0,0028
I44B;I48.2;9;0,0138;9;0,0028
I44B;N40;9;0,0138;9;0,0028
I44B;Z95.0;9;0,0138;9;0,0028
I44B;B96.2;8;0,0123;8;0,0025
I44B;E05.9;8;0,0123;8;0,0025
I44B;F17.2;8;0,0123;8;0,0025
I44B;J44.89;8;0,0123;8;0,0025
I44B;Z88.1;8;0,0123;8;0,0025
I44B;Z90.4;8;0,0123;8;0,0025
I44B;Z95.1;8;0,0123;8;0,0025
I44B;I48.9;7;0,0107;7;0,0022
I44B;M24.56;7;0,0107;7;0,0022
I44B;R32;7;0,0107;7;0,0022
I44B;Z90.7;7;0,0107;7;0,0022
I44B;G25.81;6;0,0092;6;0,0019
I44B;G47.31;6;0,0092;6;0,0019
I44B;I48.0;6;0,0092;6;0,0019
I44B;I51.7;6;0,0092;6;0,0019
I44B;J44.99;6;0,0092;6;0,0019
I44B;K21.9;6;0,0092;6;0,0019
I44B;N19;6;0,0092;6;0,0019
I44B;R06.0;6;0,0092;6;0,0019
I44B;Z85.3;6;0,0092;6;0,0019
I44B;D68.30;5;0,0077;5;0,0016
I44B;I25.11;5;0,0077;5;0,0016
I44B;I25.29;5;0,0077;5;0,0016
I44B;L23.5;5;0,0077;5;0,0016
I44B;M23.50;5;0,0077;5;0,0016
I44B;M23.53;5;0,0077;5;0,0016
I44B;R12;5;0,0077;5;0,0016
I44B;Z11;5;0,0077;5;0,0016
I44B;E11.91;4;0,0061;4;0,0012
I44B;E66.92;4;0,0061;4;0,0012
I44B;F32.0;4;0,0061;4;0,0012
I44B;G47.9;4;0,0061;4;0,0012
I44B;G62.9;4;0,0061;4;0,0012
I44B;H40.9;4;0,0061;4;0,0012
I44B;I25.9;4;0,0061;4;0,0012
I44B;I48.1;4;0,0061;4;0,0012
I44B;I80.28;4;0,0061;4;0,0012
I44B;I83.9;4;0,0061;4;0,0012
I44B;I97.8;4;0,0061;4;0,0012
I44B;J42;4;0,0061;4;0,0012
I44B;L23.0;4;0,0061;4;0,0012
I44B;M22.1;4;0,0061;4;0,0012
I44B;N08.3;4;0,0061;4;0,0012
I44B;R52.2;4;0,0061;4;0,0012
I44B;T88.4;4;0,0061;4;0,0012
I44B;Z53;4;0,0061;4;0,0012
I44B;Z86.6;4;0,0061;4;0,0012
I44B;Z95.88;4;0,0061;4;0,0012
I44C;I10.00;59;0,3856;59;0,0958
I44C;Z74.1;56;0,366;56;0,0909
I44C;Z74.0;33;0,2157;33;0,0536
I44C;Z48.0;32;0,2092;32;0,0519
I44C;R26.8;26;0,1699;26;0,0422
I44C;Z96.6;26;0,1699;26;0,0422
I44C;M70.4;23;0,1503;23;0,0373
I44C;E11.90;18;0,1176;18;0,0292
I44C;M65.96;18;0,1176;18;0,0292
I44C;M85.89;16;0,1046;16;0,026
I44C;M24.29;15;0,098;15;0,0244
I44C;Z92.2;14;0,0915;14;0,0227
I44C;E66.01;12;0,0784;12;0,0195
I44C;E66.00;10;0,0654;10;0,0162
I44C;M65.86;10;0,0654;10;0,0162
I44C;Z29.8;8;0,0523;8;0,013
I44C;Z88.9;8;0,0523;8;0,013
I44C;E78.2;7;0,0458;7;0,0114
I44C;Z60;7;0,0458;7;0,0114
I44C;D62;6;0,0392;6;0,0097
I44C;F17.2;6;0,0392;6;0,0097
I44C;J45.9;6;0,0392;6;0,0097
I44C;M17.1;6;0,0392;6;0,0097
I44C;E03.8;5;0,0327;5;0,0081
I44C;E66.02;5;0,0327;5;0,0081
I44C;K59.0;5;0,0327;5;0,0081
I44C;Z95.5;5;0,0327;5;0,0081
I44C;Z98.8;5;0,0327;5;0,0081
I44C;D50.0;4;0,0261;4;0,0065
I44C;D50.8;4;0,0261;4;0,0065
I44C;E78.0;4;0,0261;4;0,0065
I44C;I10.90;4;0,0261;4;0,0065
I44C;I25.19;4;0,0261;4;0,0065
I44C;M22.8;4;0,0261;4;0,0065
I44C;Z87.1;4;0,0261;4;0,0065
I44C;Z88.6;4;0,0261;4;0,0065
I44C;Z88.8;4;0,0261;4;0,0065
I44C;Z91.0;4;0,0261;4;0,0065
I47B;I10.00;122;0,4122;122;0,0969
I47B;I10.90;64;0,2162;64;0,0508
I47B;Z96.6;60;0,2027;60;0,0477
I47B;D50.0;53;0,1791;53;0,0421
I47B;E11.90;47;0,1588;47;0,0373
I47B;D62;44;0,1486;44;0,0349
I47B;Z48.0;39;0,1318;39;0,031
I47B;E66.00;36;0,1216;36;0,0286
I47B;Z74.0;33;0,1115;33;0,0262
I47B;Z74.1;29;0,098;29;0,023
I47B;R26.8;27;0,0912;27;0,0214
I47B;M85.65;24;0,0811;24;0,0191
I47B;Z92.2;24;0,0811;24;0,0191
I47B;E03.9;19;0,0642;19;0,0151
I47B;M65.85;19;0,0642;19;0,0151
I47B;M70.6;19;0,0642;19;0,0151
I47B;E03.8;18;0,0608;18;0,0143
I47B;E78.2;17;0,0574;17;0,0135
I47B;K59.0;15;0,0507;15;0,0119
I47B;I25.19;14;0,0473;14;0,0111
I47B;M16.1;14;0,0473;14;0,0111
I47B;D50.8;13;0,0439;13;0,0103
I47B;Z86.7;13;0,0439;13;0,0103
I47B;E66.90;12;0,0405;12;0,0095
I47B;R11;12;0,0405;12;0,0095
I47B;E66.01;11;0,0372;11;0,0087
I47B;E78.5;11;0,0372;11;0,0087
I47B;Z46.6;11;0,0372;11;0,0087
I47B;Z88.8;11;0,0372;11;0,0087
I47B;I11.90;10;0,0338;10;0,0079
I47B;Z95.5;9;0,0304;9;0,0071
I47B;E79.0;8;0,027;8;0,0064
I47B;I10.01;8;0,027;8;0,0064
I47B;I83.9;8;0,027;8;0,0064
I47B;T81.0;8;0,027;8;0,0064
I47B;Z98.8;8;0,027;8;0,0064
I47B;Z29.8;7;0,0236;7;0,0056
I47B;Z60;7;0,0236;7;0,0056
I47B;E89.0;6;0,0203;6;0,0048
I47B;N18.3;6;0,0203;6;0,0048
I47B;Z92.1;6;0,0203;6;0,0048
I47B;E66.02;5;0,0169;5;0,004
I47B;E78.0;5;0,0169;5;0,004
I47B;E87.6;5;0,0169;5;0,004
I47B;F17.2;5;0,0169;5;0,004
I47B;F32.9;5;0,0169;5;0,004
I47B;G47.39;5;0,0169;5;0,004
I47B;M16.2;5;0,0169;5;0,004
I47B;N39.0;5;0,0169;5;0,004
I47B;N40;5;0,0169;5;0,004
I47B;Z90.4;5;0,0169;5;0,004
I47B;B96.2;4;0,0135;4;0,0032
I47B;E66.91;4;0,0135;4;0,0032
I47B;F32.0;4;0,0135;4;0,0032
I47B;G47.31;4;0,0135;4;0,0032
I47B;I25.11;4;0,0135;4;0,0032
I47B;I25.22;4;0,0135;4;0,0032
I47B;J44.89;4;0,0135;4;0,0032
I47B;J45.9;4;0,0135;4;0,0032
I47B;K21.9;4;0,0135;4;0,0032
I47B;Z85.0;4;0,0135;4;0,0032
I47B;Z85.3;4;0,0135;4;0,0032
I68D;I10.00;348;0,3327;348;0,0786
I68D;M54.4;323;0,3088;323;0,0729
I68D;M51.2;294;0,2811;295;0,0666
I68D;G55.1;155;0,1482;156;0,0352
I68D;M48.06;131;0,1252;132;0,0298
I68D;M47.86;111;0,1061;112;0,0253
I68D;E11.90;109;0,1042;109;0,0246
I68D;E78.2;97;0,0927;97;0,0219
I68D;Z96.6;96;0,0918;96;0,0217
I68D;E66.00;87;0,0832;87;0,0196
I68D;Z92.2;79;0,0755;79;0,0178
I68D;M42.16;77;0,0736;77;0,0174
I68D;R52.2;66;0,0631;66;0,0149
I68D;E03.8;65;0,0621;65;0,0147
I68D;M54.16;58;0,0554;58;0,0131
I68D;M99.63;55;0,0526;65;0,0147
I68D;Z86.7;51;0,0488;51;0,0115
I68D;M99.84;46;0,044;46;0,0104
I68D;M96.1;43;0,0411;43;0,0097
I68D;G55.2;39;0,0373;40;0,009
I68D;M54.2;39;0,0373;39;0,0088
I68D;F45.41;38;0,0363;38;0,0086
I68D;Z92.1;37;0,0354;37;0,0084
I68D;M53.86;35;0,0335;35;0,0079
I68D;M54.5;35;0,0335;35;0,0079
I68D;G55.3;34;0,0325;34;0,0077
I68D;J44.89;34;0,0325;34;0,0077
I68D;M47.96;34;0,0325;34;0,0077
I68D;M99.73;33;0,0315;33;0,0075
I68D;M51.1;32;0,0306;33;0,0075
I68D;E79.0;32;0,0306;32;0,0072
I68D;Z98.8;32;0,0306;32;0,0072
I68D;E66.01;31;0,0296;31;0,007
I68D;M50.2;31;0,0296;31;0,007
I68D;M43.16;28;0,0268;28;0,0063
I68D;G55.8;27;0,0258;30;0,0068
I68D;Z74.1;26;0,0249;26;0,0059
I68D;E66.02;25;0,0239;25;0,0056
I68D;F32.8;25;0,0239;25;0,0056
I68D;M47.99;25;0,0239;25;0,0056
I68D;Z88.6;25;0,0239;25;0,0056
I68D;Z88.9;25;0,0239;25;0,0056
I68D;E03.9;24;0,0229;24;0,0054
I68D;I10.90;23;0,022;23;0,0052
I68D;M16.0;22;0,021;22;0,005
I68D;M16.1;22;0,021;22;0,005
I68D;Z95.5;21;0,0201;21;0,0047
I68D;K59.0;20;0,0191;20;0,0045
I68D;M47.82;20;0,0191;20;0,0045
I68D;M99.83;20;0,0191;20;0,0045
I68D;R26.8;20;0,0191;20;0,0045
I68D;Z74.0;20;0,0191;20;0,0045
I68D;Z88.0;19;0,0182;19;0,0043
I68D;Z91.0;19;0,0182;19;0,0043
I68D;M42.12;18;0,0172;18;0,0041
I68D;M54.18;18;0,0172;18;0,0041
I68D;M99.81;18;0,0172;18;0,0041
I68D;M41.86;17;0,0163;17;0,0038
I68D;N40;17;0,0163;17;0,0038
I68D;M47.87;16;0,0153;16;0,0036
I68D;I48.1;15;0,0143;15;0,0034
I68D;Z48.0;15;0,0143;15;0,0034
I68D;M17.1;14;0,0134;14;0,0032
I68D;M25.55;14;0,0134;14;0,0032
I68D;M47.26;14;0,0134;14;0,0032
I68D;N18.3;14;0,0134;14;0,0032
I68D;E66.90;13;0,0124;13;0,0029
I68D;J45.9;13;0,0124;13;0,0029
I68D;M43.17;13;0,0124;13;0,0029
I68D;Z88.8;13;0,0124;13;0,0029
I68D;M53.1;12;0,0115;12;0,0027
I68D;M62.58;12;0,0115;12;0,0027
I68D;M99.61;12;0,0115;12;0,0027
I68D;G57.3;11;0,0105;11;0,0025
I68D;I25.22;11;0,0105;11;0,0025
I68D;Z95.0;11;0,0105;11;0,0025
I68D;E11.40;10;0,0096;10;0,0023
I68D;E55.9;10;0,0096;10;0,0023
I68D;G47.39;10;0,0096;10;0,0023
I68D;M70.6;10;0,0096;10;0,0023
I68D;R42;10;0,0096;10;0,0023
I68D;G25.81;9;0,0086;9;0,002
I68D;M17.0;9;0,0086;9;0,002
I68D;R51;9;0,0086;9;0,002
I68D;Z85.0;9;0,0086;9;0,002
I68D;F32.0;8;0,0076;8;0,0018
I68D;M25.56;8;0,0076;8;0,0018
I68D;M48.02;8;0,0076;8;0,0018
I68D;F45.8;7;0,0067;7;0,0016
I68D;G62.88;7;0,0067;7;0,0016
I68D;G63.2;7;0,0067;7;0,0016
I68D;M51.3;7;0,0067;7;0,0016
I68D;R11;7;0,0067;7;0,0016
I68D;Z85.4;7;0,0067;7;0,0016
I68D;Z95.1;7;0,0067;7;0,0016
I68D;E66.91;6;0,0057;6;0,0014
I68D;G47.0;6;0,0057;6;0,0014
I68D;I25.19;6;0,0057;6;0,0014
I68D;M19.01;6;0,0057;6;0,0014
I68D;M25.51;6;0,0057;6;0,0014
I68D;M41.26;6;0,0057;6;0,0014
I68D;M54.12;6;0,0057;6;0,0014
I68D;M79.15;6;0,0057;6;0,0014
I68D;M95.5;6;0,0057;6;0,0014
I68D;R32;6;0,0057;6;0,0014
I68D;R52.0;6;0,0057;6;0,0014
I68D;E11.72;5;0,0048;8;0,0018
I68D;E78.0;5;0,0048;5;0,0011
I68D;F32.1;5;0,0048;5;0,0011
I68D;F45.40;5;0,0048;5;0,0011
I68D;G62.9;5;0,0048;5;0,0011
I68D;I11.90;5;0,0048;5;0,0011
I68D;I25.11;5;0,0048;5;0,0011
I68D;I25.12;5;0,0048;5;0,0011
I68D;M13.15;5;0,0048;5;0,0011
I68D;M42.17;5;0,0048;5;0,0011
I68D;M75.4;5;0,0048;5;0,0011
I68D;M79.70;5;0,0048;5;0,0011
I68D;M81.00;5;0,0048;5;0,0011
I68D;M99.79;5;0,0048;5;0,0011
I68D;R06.0;5;0,0048;5;0,0011
I68D;Z85.3;5;0,0048;5;0,0011
I68D;N39.0;4;0,0038;5;0,0011
I68D;E11.20;4;0,0038;4;0,0009
I68D;E11.91;4;0,0038;4;0,0009
I68D;E14.90;4;0,0038;4;0,0009
I68D;F45.0;4;0,0038;4;0,0009
I68D;G47.31;4;0,0038;4;0,0009
I68D;I10.01;4;0,0038;4;0,0009
I68D;I11.00;4;0,0038;4;0,0009
I68D;I25.13;4;0,0038;4;0,0009
I68D;I25.29;4;0,0038;4;0,0009
I68D;J45.0;4;0,0038;4;0,0009
I68D;M15.8;4;0,0038;4;0,0009
I68D;M42.14;4;0,0038;4;0,0009
I68D;M43.06;4;0,0038;4;0,0009
I68D;M43.12;4;0,0038;4;0,0009
I68D;M48.07;4;0,0038;4;0,0009
I68D;M54.14;4;0,0038;4;0,0009
I68D;M54.3;4;0,0038;4;0,0009
I68D;M54.83;4;0,0038;4;0,0009
I68D;M79.18;4;0,0038;4;0,0009
I68D;M81.88;4;0,0038;4;0,0009
I68D;N08.3;4;0,0038;4;0,0009
I68D;N18.2;4;0,0038;4;0,0009
I68D;R20.2;4;0,0038;4;0,0009
I68D;T88.7;4;0,0038;4;0,0009
I68D;Z95.88;4;0,0038;4;0,0009
I68D;Z99.3;4;0,0038;4;0,0009
L06B;I10.00;49;0,4261;51;0,1346
L06B;E11.90;19;0,1652;20;0,0528
L06B;Z46.6;13;0,113;13;0,0343
L06B;N32.8;12;0,1043;12;0,0317
L06B;Z92.2;10;0,087;10;0,0264
L06B;E03.8;9;0,0783;9;0,0237
L06B;Z92.1;9;0,0783;9;0,0237
L06B;E66.00;7;0,0609;7;0,0185
L06B;E79.0;7;0,0609;7;0,0185
L06B;K59.0;6;0,0522;6;0,0158
L06B;N32.0;6;0,0522;6;0,0158
L06B;N35.8;6;0,0522;6;0,0158
L06B;N40;6;0,0522;6;0,0158
L06B;T81.0;6;0,0522;6;0,0158
L06B;N81.1;5;0,0435;7;0,0185
L06B;E78.5;5;0,0435;5;0,0132
L06B;R33;4;0,0348;5;0,0132
L06B;E66.01;4;0,0348;4;0,0106
L06B;I10.90;4;0,0348;4;0,0106
L06B;N18.3;4;0,0348;4;0,0106
L06B;N39.3;4;0,0348;4;0,0106
L06B;Z95.1;4;0,0348;4;0,0106
L06B;Z96.6;4;0,0348;4;0,0106
L17B;I10.00;49;0,49;49;0,1161
L17B;N35.8;24;0,24;24;0,0569
L17B;Z46.6;16;0,16;16;0,0379
L17B;Z92.1;14;0,14;14;0,0332
L17B;E11.90;13;0,13;13;0,0308
L17B;Z92.2;13;0,13;13;0,0308
L17B;R31;8;0,08;8;0,019
L17B;Z11;8;0,08;8;0,019
L17B;E79.0;7;0,07;7;0,0166
L17B;N35.9;7;0,07;7;0,0166
L17B;E78.5;6;0,06;6;0,0142
L17B;E03.8;5;0,05;5;0,0118
L17B;E89.0;5;0,05;5;0,0118
L17B;I48.1;5;0,05;5;0,0118
L17B;J44.99;5;0,05;5;0,0118
L17B;N18.3;5;0,05;5;0,0118
L17B;R33;5;0,05;5;0,0118
L17B;Z96.6;5;0,05;5;0,0118
L17B;C61;4;0,04;4;0,0095
L17B;I25.22;4;0,04;4;0,0095
L17B;Z74.1;4;0,04;4;0,0095
L17B;Z95.0;4;0,04;4;0,0095
L20B;I10.00;36;0,3303;36;0,0916
L20B;Z46.6;30;0,2752;30;0,0763
L20B;E11.90;12;0,1101;12;0,0305
L20B;N40;11;0,1009;11;0,028
L20B;C67.8;10;0,0917;10;0,0254
L20B;I10.90;9;0,0826;9;0,0229
L20B;Z92.2;8;0,0734;8;0,0204
L20B;Z96.0;8;0,0734;8;0,0204
L20B;N20.1;7;0,0642;8;0,0204
L20B;E78.0;7;0,0642;7;0,0178
L20B;N13.3;5;0,0459;5;0,0127
L20B;N20.0;5;0,0459;5;0,0127
L20B;R31;5;0,0459;5;0,0127
L20B;Z92.1;5;0,0459;5;0,0127
L20B;C61;4;0,0367;4;0,0102
L20B;I50.12;4;0,0367;4;0,0102
L20B;N18.3;4;0,0367;4;0,0102
L20B;N35.8;4;0,0367;4;0,0102
L20B;Z95.0;4;0,0367;4;0,0102
L20B;Z95.1;4;0,0367;4;0,0102
L20C;I10.00;257;0,4822;257;0,1268
L20C;E11.90;82;0,1538;82;0,0405
L20C;Z92.2;71;0,1332;71;0,035
L20C;Z46.6;65;0,122;65;0,0321
L20C;Z92.1;55;0,1032;55;0,0271
L20C;C67.8;40;0,075;40;0,0197
L20C;E79.0;40;0,075;40;0,0197
L20C;C67.9;38;0,0713;38;0,0187
L20C;N40;35;0,0657;35;0,0173
L20C;R31;32;0,06;32;0,0158
L20C;I10.90;30;0,0563;30;0,0148
L20C;E78.5;29;0,0544;29;0,0143
L20C;Z11;29;0,0544;29;0,0143
L20C;I48.1;28;0,0525;28;0,0138
L20C;E66.00;25;0,0469;25;0,0123
L20C;N13.2;24;0,045;24;0,0118
L20C;Z95.0;22;0,0413;22;0,0109
L20C;C67.2;21;0,0394;21;0,0104
L20C;J44.99;21;0,0394;21;0,0104
L20C;N35.8;21;0,0394;21;0,0104
L20C;E03.8;18;0,0338;18;0,0089
L20C;E03.9;18;0,0338;18;0,0089
L20C;E78.0;17;0,0319;17;0,0084
L20C;I25.9;17;0,0319;17;0,0084
L20C;Z74.1;17;0,0319;17;0,0084
L20C;Z86.7;17;0,0319;17;0,0084
L20C;N18.3;16;0,03;16;0,0079
L20C;N19;16;0,03;16;0,0079
L20C;N20.1;15;0,0281;15;0,0074
L20C;N39.0;15;0,0281;15;0,0074
L20C;E11.91;14;0,0263;14;0,0069
L20C;H91.1;14;0,0263;14;0,0069
L20C;E66.80;13;0,0244;13;0,0064
L20C;K59.0;13;0,0244;13;0,0064
L20C;N30.2;13;0,0244;13;0,0064
L20C;Z96.0;13;0,0244;13;0,0064
L20C;E89.0;12;0,0225;12;0,0059
L20C;I25.19;12;0,0225;12;0,0059
L20C;I48.0;12;0,0225;12;0,0059
L20C;Z85.5;12;0,0225;12;0,0059
L20C;Z95.5;12;0,0225;12;0,0059
L20C;Z96.6;12;0,0225;12;0,0059
L20C;D41.4;11;0,0206;11;0,0054
L20C;I25.22;11;0,0206;11;0,0054
L20C;I50.12;11;0,0206;11;0,0054
L20C;R11;11;0,0206;11;0,0054
L20C;Z95.1;11;0,0206;11;0,0054
L20C;I10.01;10;0,0188;10;0,0049
L20C;N21.0;9;0,0169;9;0,0044
L20C;Z88.8;9;0,0169;9;0,0044
L20C;Z92.6;9;0,0169;9;0,0044
L20C;B96.2;8;0,015;8;0,0039
L20C;E66.01;8;0,015;8;0,0039
L20C;E78.2;8;0,015;8;0,0039
L20C;E78.4;8;0,015;8;0,0039
L20C;F32.9;8;0,015;8;0,0039
L20C;N35.9;8;0,015;8;0,0039
L20C;R33;8;0,015;8;0,0039
L20C;Z86.3;8;0,015;8;0,0039
L20C;N30.0;7;0,0131;8;0,0039
L20C;C61;7;0,0131;7;0,0035
L20C;E66.02;7;0,0131;7;0,0035
L20C;I25.12;7;0,0131;7;0,0035
L20C;K30;7;0,0131;7;0,0035
L20C;N08.3;7;0,0131;7;0,0035
L20C;N13.1;7;0,0131;7;0,0035
L20C;C67.6;6;0,0113;6;0,003
L20C;C97;6;0,0113;6;0,003
L20C;E66.81;6;0,0113;6;0,003
L20C;I25.13;6;0,0113;6;0,003
L20C;I48.2;6;0,0113;6;0,003
L20C;I50.9;6;0,0113;6;0,003
L20C;J44.89;6;0,0113;6;0,003
L20C;N13.3;6;0,0113;6;0,003
L20C;N32.8;6;0,0113;6;0,003
L20C;Z88.6;6;0,0113;6;0,003
L20C;Z90.5;6;0,0113;6;0,003
L20C;C67.4;5;0,0094;5;0,0025
L20C;E11.20;5;0,0094;5;0,0025
L20C;I10.91;5;0,0094;5;0,0025
L20C;N13.0;5;0,0094;5;0,0025
L20C;N32.0;5;0,0094;5;0,0025
L20C;Z85.3;5;0,0094;5;0,0025
L20C;Z85.4;5;0,0094;5;0,0025
L20C;Z88.0;5;0,0094;5;0,0025
L20C;Z95.2;5;0,0094;5;0,0025
L20C;E05.9;4;0,0075;4;0,002
L20C;F03;4;0,0075;4;0,002
L20C;G20.90;4;0,0075;4;0,002
L20C;G47.0;4;0,0075;4;0,002
L20C;G47.31;4;0,0075;4;0,002
L20C;I25.11;4;0,0075;4;0,002
L20C;M81.09;4;0,0075;4;0,002
L20C;N13.6;4;0,0075;4;0,002
L20C;N18.4;4;0,0075;4;0,002
L20C;N28.8;4;0,0075;4;0,002
L20C;N30.8;4;0,0075;4;0,002
L20C;N36.2;4;0,0075;4;0,002
L20C;Z85.0;4;0,0075;4;0,002
L20C;Z88.1;4;0,0075;4;0,002
L20C;Z95.88;4;0,0075;4;0,002
L63F;I10.00;33;0,2797;33;0,0604
L63F;B96.2;31;0,2627;31;0,0568
L63F;Z92.4;13;0,1102;13;0,0238
L63F;N39.0;12;0,1017;13;0,0238
L63F;N40;12;0,1017;12;0,022
L63F;E11.90;11;0,0932;11;0,0201
L63F;R15;10;0,0847;10;0,0183
L63F;R31;10;0,0847;10;0,0183
L63F;E86;9;0,0763;9;0,0165
L63F;R11;9;0,0763;9;0,0165
L63F;Z92.2;8;0,0678;8;0,0147
L63F;K59.0;7;0,0593;7;0,0128
L63F;U80.4;7;0,0593;7;0,0128
L63F;Z74.1;7;0,0593;7;0,0128
L63F;Z93.5;7;0,0593;7;0,0128
L63F;Z43.5;6;0,0508;6;0,011
L63F;Z97.8;6;0,0508;6;0,011
L63F;B95.2;5;0,0424;5;0,0092
L63F;F03;5;0,0424;5;0,0092
L63F;I50.12;5;0,0424;5;0,0092
L63F;N18.4;5;0,0424;5;0,0092
L63F;T83.5;5;0,0424;5;0,0092
L63F;Z74.0;5;0,0424;5;0,0092
L63F;Z74.8;5;0,0424;5;0,0092
L63F;Z85.5;5;0,0424;5;0,0092
L63F;Z92.1;5;0,0424;5;0,0092
L63F;B95.7;4;0,0339;4;0,0073
L63F;B96.8;4;0,0339;4;0,0073
L63F;E78.2;4;0,0339;4;0,0073
L63F;E79.0;4;0,0339;4;0,0073
L63F;E87.6;4;0,0339;4;0,0073
L63F;N13.3;4;0,0339;4;0,0073
L63F;N31.9;4;0,0339;4;0,0073
L63F;R10.3;4;0,0339;4;0,0073
L63F;Z11;4;0,0339;4;0,0073
L63F;Z88.0;4;0,0339;4;0,0073
L63F;Z95.5;4;0,0339;4;0,0073
L63F;Z96.0;4;0,0339;4;0,0073
L64A;I10.00;75;0,3968;75;0,0801
L64A;R31;27;0,1429;27;0,0288
L64A;Z46.6;27;0,1429;27;0,0288
L64A;N40;24;0,127;24;0,0256
L64A;Z11;24;0,127;24;0,0256
L64A;N39.0;23;0,1217;27;0,0288
L64A;Z96.0;22;0,1164;22;0,0235
L64A;Z92.2;21;0,1111;21;0,0224
L64A;E03.8;17;0,0899;17;0,0182
L64A;Z74.1;17;0,0899;17;0,0182
L64A;E11.90;15;0,0794;15;0,016
L64A;B96.2;13;0,0688;13;0,0139
L64A;N18.3;13;0,0688;13;0,0139
L64A;R15;12;0,0635;12;0,0128
L64A;R33;12;0,0635;12;0,0128
L64A;F03;11;0,0582;11;0,0118
L64A;I50.12;11;0,0582;11;0,0118
L64A;T83.0;9;0,0476;9;0,0096
L64A;I11.00;8;0,0423;8;0,0085
L64A;Z43.5;8;0,0423;8;0,0085
L64A;Z92.1;8;0,0423;8;0,0085
L64A;E78.5;7;0,037;7;0,0075
L64A;E79.0;7;0,037;7;0,0075
L64A;Z92.6;7;0,037;7;0,0075
L64A;Z95.0;7;0,037;7;0,0075
L64A;Y57.9;6;0,0317;7;0,0075
L64A;I10.90;6;0,0317;6;0,0064
L64A;I25.22;6;0,0317;6;0,0064
L64A;N13.2;6;0,0317;6;0,0064
L64A;N13.3;6;0,0317;6;0,0064
L64A;R26.3;6;0,0317;6;0,0064
L64A;U80.4;6;0,0317;6;0,0064
L64A;Z85.0;6;0,0317;6;0,0064
L64A;Z96.6;6;0,0317;6;0,0064
L64A;Z22.3;5;0,0265;7;0,0075
L64A;F33.1;5;0,0265;5;0,0053
L64A;I48.2;5;0,0265;5;0,0053
L64A;I70.21;5;0,0265;5;0,0053
L64A;J44.89;5;0,0265;5;0,0053
L64A;N19;5;0,0265;5;0,0053
L64A;R11;5;0,0265;5;0,0053
L64A;R32;5;0,0265;5;0,0053
L64A;Z74.8;5;0,0265;5;0,0053
L64A;Z92.4;5;0,0265;5;0,0053
L64A;Z97.8;5;0,0265;5;0,0053
L64A;C56;4;0,0212;4;0,0043
L64A;E03.9;4;0,0212;4;0,0043
L64A;E66.01;4;0,0212;4;0,0043
L64A;E78.2;4;0,0212;4;0,0043
L64A;E86;4;0,0212;4;0,0043
L64A;E87.6;4;0,0212;4;0,0043
L64A;H91.1;4;0,0212;4;0,0043
L64A;I25.9;4;0,0212;4;0,0043
L64A;I48.1;4;0,0212;4;0,0043
L64A;I50.19;4;0,0212;4;0,0043
L64A;N13.1;4;0,0212;4;0,0043
L64A;N18.4;4;0,0212;4;0,0043
L64A;N18.5;4;0,0212;4;0,0043
L64A;T83.5;4;0,0212;4;0,0043
L64A;Z29.0;4;0,0212;4;0,0043
L64A;Z74.0;4;0,0212;4;0,0043
L64A;Z85.4;4;0,0212;4;0,0043
L64A;Z86.7;4;0,0212;4;0,0043
L64A;Z93.6;4;0,0212;4;0,0043
L64C;I10.00;22;0,2857;22;0,1053
L64C;N13.2;12;0,1558;12;0,0574
L64C;R31;8;0,1039;8;0,0383
L64C;E11.90;7;0,0909;7;0,0335
L64C;N40;7;0,0909;7;0,0335
L64C;K59.0;6;0,0779;6;0,0287
L64C;N18.3;6;0,0779;6;0,0287
L64C;E78.5;5;0,0649;5;0,0239
L64C;Z92.1;5;0,0649;5;0,0239
L64C;Z74.1;4;0,0519;4;0,0191
M02B;I10.00;176;0,4548;176;0,1229
M02B;N40;69;0,1783;69;0,0482
M02B;E11.90;55;0,1421;55;0,0384
M02B;Z92.2;47;0,1214;47;0,0328
M02B;Z46.6;44;0,1137;44;0,0307
M02B;Z92.1;39;0,1008;39;0,0272
M02B;E79.0;37;0,0956;37;0,0258
M02B;I10.90;33;0,0853;33;0,023
M02B;R33;33;0,0853;33;0,023
M02B;K59.0;32;0,0827;32;0,0223
M02B;R39.1;29;0,0749;29;0,0203
M02B;Z11;28;0,0724;28;0,0196
M02B;N41.1;25;0,0646;25;0,0175
M02B;E78.5;23;0,0594;23;0,0161
M02B;N35.8;22;0,0568;22;0,0154
M02B;R31;22;0,0568;22;0,0154
M02B;E78.0;20;0,0517;20;0,014
M02B;N32.0;19;0,0491;19;0,0133
M02B;E66.00;15;0,0388;15;0,0105
M02B;E78.2;15;0,0388;15;0,0105
M02B;N18.3;14;0,0362;14;0,0098
M02B;N32.8;13;0,0336;13;0,0091
M02B;E03.9;11;0,0284;11;0,0077
M02B;N35.9;11;0,0284;11;0,0077
M02B;J44.99;10;0,0258;10;0,007
M02B;N21.0;10;0,0258;10;0,007
M02B;N39.0;9;0,0233;10;0,007
M02B;E03.8;9;0,0233;9;0,0063
M02B;H91.1;9;0,0233;9;0,0063
M02B;Z86.7;9;0,0233;9;0,0063
M02B;Z95.0;9;0,0233;9;0,0063
M02B;E66.01;8;0,0207;8;0,0056
M02B;I25.12;8;0,0207;8;0,0056
M02B;J44.89;8;0,0207;8;0,0056
M02B;Z93.5;8;0,0207;8;0,0056
M02B;Z95.5;8;0,0207;8;0,0056
M02B;E89.0;7;0,0181;7;0,0049
M02B;G47.0;7;0,0181;7;0,0049
M02B;I25.13;7;0,0181;7;0,0049
M02B;I48.1;7;0,0181;7;0,0049
M02B;I50.9;7;0,0181;7;0,0049
M02B;N32.3;7;0,0181;7;0,0049
M02B;Z92.4;7;0,0181;7;0,0049
M02B;Z96.6;7;0,0181;7;0,0049
M02B;Z97.8;7;0,0181;7;0,0049
M02B;D62;6;0,0155;6;0,0042
M02B;E78.4;6;0,0155;6;0,0042
M02B;G47.31;6;0,0155;6;0,0042
M02B;H40.9;6;0,0155;6;0,0042
M02B;I48.0;6;0,0155;6;0,0042
M02B;N34.1;6;0,0155;6;0,0042
M02B;N39.42;6;0,0155;6;0,0042
M02B;N47;6;0,0155;6;0,0042
M02B;B96.2;5;0,0129;5;0,0035
M02B;C61;5;0,0129;5;0,0035
M02B;E66.02;5;0,0129;5;0,0035
M02B;I25.11;5;0,0129;5;0,0035
M02B;I44.0;5;0,0129;5;0,0035
M02B;I48.2;5;0,0129;5;0,0035
M02B;I50.19;5;0,0129;5;0,0035
M02B;N30.0;5;0,0129;5;0,0035
M02B;N39.41;5;0,0129;5;0,0035
M02B;N42.1;5;0,0129;5;0,0035
M02B;R11;5;0,0129;5;0,0035
M02B;Z74.0;5;0,0129;5;0,0035
M02B;Z74.1;5;0,0129;5;0,0035
M02B;E11.72;4;0,0103;7;0,0049
M02B;I10.91;4;0,0103;4;0,0028
M02B;I25.19;4;0,0103;4;0,0028
M02B;I25.22;4;0,0103;4;0,0028
M02B;I50.12;4;0,0103;4;0,0028
M02B;N08.3;4;0,0103;4;0,0028
M02B;N41.0;4;0,0103;4;0,0028
M02B;R32;4;0,0103;4;0,0028
M02B;T81.0;4;0,0103;4;0,0028
M02B;Z85.4;4;0,0103;4;0,0028
M02B;Z95.1;4;0,0103;4;0,0028
M04D;I10.00;30;0,3333;30;0,1395
M04D;N43.3;20;0,2222;20;0,093
M04D;E11.90;11;0,1222;11;0,0512
M04D;N43.2;6;0,0667;6;0,0279
M04D;N43.4;6;0,0667;6;0,0279
M04D;Z92.2;6;0,0667;6;0,0279
M04D;E78.5;5;0,0556;5;0,0233
M04D;I10.90;5;0,0556;5;0,0233
M04D;Z92.1;5;0,0556;5;0,0233
M04D;E66.00;4;0,0444;4;0,0186
M04D;E66.90;4;0,0444;4;0,0186
M04D;G47.39;4;0,0444;4;0,0186
M04D;N40;4;0,0444;4;0,0186
N05B;N73.6;21;0,28;21;0,1186
N05B;K66.0;14;0,1867;14;0,0791
N05B;I10.00;9;0,12;13;0,0734
N05B;N83.2;8;0,1067;10;0,0565
N05B;N85.0;5;0,0667;9;0,0508
N05B;R11;4;0,0533;5;0,0282
N05B;I10.90;4;0,0533;4;0,0226
N05B;K59.0;4;0,0533;4;0,0226
N06Z;I10.00;29;0,2843;29;0,1074
N06Z;N81.6;21;0,2059;21;0,0778
N06Z;N39.3;19;0,1863;19;0,0704
N06Z;Z46.6;14;0,1373;14;0,0519
N06Z;E03.8;9;0,0882;9;0,0333
N06Z;N81.1;9;0,0882;9;0,0333
N06Z;N39.0;8;0,0784;9;0,0333
N06Z;N99.3;8;0,0784;8;0,0296
N06Z;N81.2;7;0,0686;7;0,0259
N06Z;Z90.7;7;0,0686;7;0,0259
N06Z;Z96.6;7;0,0686;7;0,0259
N06Z;E11.90;5;0,049;5;0,0185
N06Z;K59.0;5;0,049;5;0,0185
N06Z;Z92.2;5;0,049;5;0,0185
N06Z;Z98.8;5;0,049;5;0,0185
N06Z;N81.5;4;0,0392;4;0,0148
N06Z;R39.1;4;0,0392;4;0,0148
N07Z;N73.6;13;0,085;16;0,0653
N07Z;R11;13;0,085;14;0,0571
N07Z;K66.0;12;0,0784;14;0,0571
N07Z;N83.2;11;0,0719;11;0,0449
N07Z;I10.00;10;0,0654;10;0,0408
N07Z;E03.9;9;0,0588;9;0,0367
N07Z;N81.4;8;0,0523;8;0,0327
N07Z;N72;7;0,0458;7;0,0286
N07Z;D25.9;6;0,0392;6;0,0245
N07Z;R14;6;0,0392;6;0,0245
N07Z;N92.1;5;0,0327;6;0,0245
N07Z;N80.0;5;0,0327;5;0,0204
N07Z;N94.6;5;0,0327;5;0,0204
N07Z;Z88.0;5;0,0327;5;0,0204
N07Z;D62;4;0,0261;4;0,0163
N07Z;E11.90;4;0,0261;4;0,0163
N07Z;I10.90;4;0,0261;4;0,0163
N07Z;Z98.8;4;0,0261;4;0,0163
N14Z;N81.1;79;0,4115;84;0,134
N14Z;N81.6;36;0,1875;41;0,0654
N14Z;N81.2;34;0,1771;37;0,059
N14Z;I10.00;33;0,1719;39;0,0622
N14Z;N80.0;22;0,1146;29;0,0463
N14Z;K66.0;22;0,1146;22;0,0351
N14Z;D25.9;21;0,1094;22;0,0351
N14Z;N39.3;18;0,0938;18;0,0287
N14Z;D27;17;0,0885;17;0,0271
N14Z;D25.1;15;0,0781;16;0,0255
N14Z;R14;12;0,0625;17;0,0271
N14Z;E03.8;11;0,0573;11;0,0175
N14Z;R11;10;0,0521;14;0,0223
N14Z;N84.0;9;0,0469;11;0,0175
N14Z;I10.90;9;0,0469;9;0,0144
N14Z;N72;9;0,0469;9;0,0144
N14Z;E03.9;8;0,0417;11;0,0175
N14Z;K59.0;8;0,0417;9;0,0144
N14Z;N39.0;7;0,0365;8;0,0128
N14Z;N83.2;7;0,0365;8;0,0128
N14Z;N92.1;7;0,0365;8;0,0128
N14Z;E11.90;6;0,0313;7;0,0112
N14Z;Z74.0;6;0,0313;6;0,0096
N14Z;N81.5;5;0,026;5;0,008
N14Z;E78.5;4;0,0208;4;0,0064
N14Z;N81.3;4;0,0208;4;0,0064
N14Z;N85.0;4;0,0208;4;0,0064
N14Z;N85.8;4;0,0208;4;0,0064
N14Z;Z92.1;4;0,0208;4;0,0064
N21Z;N73.6;31;0,1632;31;0,1023
N21Z;N80.0;15;0,0789;15;0,0495
N21Z;K66.0;14;0,0737;14;0,0462
N21Z;N94.5;14;0,0737;14;0,0462
N21Z;N83.2;10;0,0526;10;0,033
N21Z;E03.8;9;0,0474;9;0,0297
N21Z;I10.00;9;0,0474;9;0,0297
N21Z;D62;8;0,0421;8;0,0264
N21Z;N72;8;0,0421;8;0,0264
N21Z;D25.1;7;0,0368;7;0,0231
N21Z;N92.1;7;0,0368;7;0,0231
N21Z;N92.4;7;0,0368;7;0,0231
N21Z;N84.0;6;0,0316;6;0,0198
N21Z;R11;6;0,0316;6;0,0198
N21Z;D50.8;5;0,0263;5;0,0165
N21Z;K59.0;5;0,0263;5;0,0165
N21Z;D25.0;4;0,0211;4;0,0132
N21Z;N92.0;4;0,0211;4;0,0132
N21Z;Z88.0;4;0,0211;4;0,0132
O01E;Z37.0;179;1,00;212;0,1791
O01E;O09.6;148;0,8268;156;0,1318
O01E;O65.4;62;0,3464;74;0,0625
O01E;O68.0;58;0,324;61;0,0515
O01E;O63.0;49;0,2737;53;0,0448
O01E;O62.1;42;0,2346;42;0,0355
O01E;O48;37;0,2067;37;0,0313
O01E;O82;31;0,1732;35;0,0296
O01E;O99.0;31;0,1732;31;0,0262
O01E;O64.0;27;0,1508;27;0,0228
O01E;O09.7;26;0,1453;27;0,0228
O01E;O34.2;21;0,1173;23;0,0194
O01E;O42.0;20;0,1117;21;0,0177
O01E;O69.1;18;0,1006;18;0,0152
O01E;O68.2;17;0,095;17;0,0144
O01E;O61.0;15;0,0838;18;0,0152
O01E;O36.5;14;0,0782;15;0,0127
O01E;O63.1;14;0,0782;14;0,0118
O01E;O23.5;13;0,0726;13;0,011
O01E;O43.8;13;0,0726;13;0,011
O01E;O80;11;0,0615;13;0,011
O01E;O24.4;11;0,0615;12;0,0101
O01E;O36.3;9;0,0503;16;0,0135
O01E;D50.8;9;0,0503;9;0,0076
O01E;O41.0;9;0,0503;9;0,0076
O01E;O99.2;9;0,0503;9;0,0076
O01E;B95.1;8;0,0447;8;0,0068
O01E;O62.0;8;0,0447;8;0,0068
O01E;O64.1;7;0,0391;8;0,0068
O01E;D50.9;6;0,0335;6;0,0051
O01E;O75.6;6;0,0335;6;0,0051
O01E;R14;6;0,0335;6;0,0051
O01E;D62;5;0,0279;5;0,0042
O01E;O13;5;0,0279;5;0,0042
O01E;O32.4;5;0,0279;5;0,0042
O01E;O42.11;5;0,0279;5;0,0042
O01E;O68.1;5;0,0279;5;0,0042
O01E;O69.2;5;0,0279;5;0,0042
O01E;O69.8;5;0,0279;5;0,0042
O01E;O09.5;4;0,0223;4;0,0034
O01E;O42.9;4;0,0223;4;0,0034
O01E;O99.8;4;0,0223;4;0,0034
O01F;Z37.0;315;0,9692;341;0,1652
O01F;O09.6;293;0,9015;306;0,1483
O01F;O65.4;106;0,3262;127;0,0615
O01F;O68.0;106;0,3262;118;0,0572
O01F;O82;96;0,2954;104;0,0504
O01F;O99.0;85;0,2615;85;0,0412
O01F;O62.1;76;0,2338;76;0,0368
O01F;O34.2;67;0,2062;69;0,0334
O01F;O42.0;63;0,1938;64;0,031
O01F;O48;36;0,1108;37;0,0179
O01F;O69.1;34;0,1046;34;0,0165
O01F;D62;33;0,1015;33;0,016
O01F;O33.4;30;0,0923;57;0,0276
O01F;D50.8;29;0,0892;29;0,0141
O01F;O09.7;28;0,0862;29;0,0141
O01F;O68.2;24;0,0738;25;0,0121
O01F;O64.0;23;0,0708;30;0,0145
O01F;O36.3;22;0,0677;31;0,015
O01F;O23.5;21;0,0646;22;0,0107
O01F;O68.1;19;0,0585;20;0,0097
O01F;B95.1;16;0,0492;17;0,0082
O01F;O75.8;15;0,0462;18;0,0087
O01F;R14;15;0,0462;16;0,0078
O01F;O92.10;14;0,0431;14;0,0068
O01F;O64.1;11;0,0338;14;0,0068
O01F;O69.2;10;0,0308;12;0,0058
O01F;O36.0;10;0,0308;11;0,0053
O01F;O30.0;10;0,0308;10;0,0048
O01F;O99.2;10;0,0308;10;0,0048
O01F;Z37.2;10;0,0308;10;0,0048
O01F;O69.8;9;0,0277;9;0,0044
O01F;D64.9;7;0,0215;7;0,0034
O01F;O43.8;7;0,0215;7;0,0034
O01F;O72.1;7;0,0215;7;0,0034
O01F;Z30.2;7;0,0215;7;0,0034
O01F;O36.5;6;0,0185;7;0,0034
O01F;N73.6;6;0,0185;6;0,0029
O01F;O14.0;5;0,0154;7;0,0034
O01F;R51;5;0,0154;7;0,0034
O01F;O64.5;5;0,0154;6;0,0029
O01F;O92.50;5;0,0154;6;0,0029
O01F;O99.8;5;0,0154;6;0,0029
O01F;E03.8;5;0,0154;5;0,0024
O01F;K66.0;5;0,0154;5;0,0024
O01F;L91.0;5;0,0154;5;0,0024
O01F;O61.0;5;0,0154;5;0,0024
O01F;O64.8;5;0,0154;5;0,0024
O01F;O80;5;0,0154;5;0,0024
O01F;O65.5;4;0,0123;6;0,0029
O01F;O71.1;4;0,0123;5;0,0024
O01F;D50.9;4;0,0123;4;0,0019
O01F;O13;4;0,0123;4;0,0019
O01F;O32.1;4;0,0123;4;0,0019
O01F;O41.0;4;0,0123;4;0,0019
O01F;O42.9;4;0,0123;4;0,0019
O01F;O45.8;4;0,0123;4;0,0019
O01F;O65.1;4;0,0123;4;0,0019
O01F;O66.1;4;0,0123;4;0,0019
O01F;O72.2;4;0,0123;4;0,0019
O01F;O99.1;4;0,0123;4;0,0019
O01G;Z37.0;75;1,00;82;0,1925
O01G;O09.6;65;0,8667;69;0,162
O01G;O34.2;34;0,4533;37;0,0869
O01G;O65.4;19;0,2533;21;0,0493
O01G;O24.4;16;0,2133;18;0,0423
O01G;O82;13;0,1733;13;0,0305
O01G;O99.0;12;0,16;12;0,0282
O01G;Z30.2;10;0,1333;10;0,0235
O01G;O36.5;9;0,12;9;0,0211
O01G;O48;8;0,1067;9;0,0211
O01G;O64.1;7;0,0933;8;0,0188
O01G;O09.7;6;0,08;7;0,0164
O01G;O14.0;5;0,0667;7;0,0164
O01G;O14.2;4;0,0533;5;0,0117
O01G;O42.0;4;0,0533;4;0,0094
O01G;O68.0;4;0,0533;4;0,0094
O01G;O69.1;4;0,0533;4;0,0094
O01G;O99.2;4;0,0533;4;0,0094
O01H;Z37.0;311;0,9968;321;0,2036
O01H;O09.6;305;0,9776;306;0,194
O01H;O34.2;122;0,391;145;0,0919
O01H;O82;115;0,3686;120;0,0761
O01H;O65.4;106;0,3397;118;0,0748
O01H;O99.0;59;0,1891;59;0,0374
O01H;D50.8;35;0,1122;35;0,0222
O01H;O33.4;33;0,1058;65;0,0412
O01H;O64.1;32;0,1026;36;0,0228
O01H;O32.1;20;0,0641;26;0,0165
O01H;D62;18;0,0577;18;0,0114
O01H;R14;18;0,0577;18;0,0114
O01H;Z30.2;18;0,0577;18;0,0114
O01H;O23.5;17;0,0545;17;0,0108
O01H;O69.1;17;0,0545;17;0,0108
O01H;O92.10;16;0,0513;16;0,0101
O01H;B95.1;14;0,0449;14;0,0089
O01H;O36.0;14;0,0449;14;0,0089
O01H;O48;10;0,0321;10;0,0063
O01H;O99.2;10;0,0321;10;0,0063
O01H;D50.9;9;0,0288;9;0,0057
O01H;N73.6;8;0,0256;8;0,0051
O01H;O68.1;8;0,0256;8;0,0051
O01H;O09.7;7;0,0224;8;0,0051
O01H;E03.8;7;0,0224;7;0,0044
O01H;O65.1;7;0,0224;7;0,0044
O01H;O99.8;7;0,0224;7;0,0044
O01H;O68.0;6;0,0192;7;0,0044
O01H;K66.0;6;0,0192;6;0,0038
O01H;L91.0;6;0,0192;6;0,0038
O01H;O33.5;5;0,016;6;0,0038
O01H;O92.50;5;0,016;5;0,0032
O01H;R51;5;0,016;5;0,0032
O01H;O66.2;4;0,0128;5;0,0032
O01H;K59.0;4;0,0128;4;0,0025
O01H;O42.0;4;0,0128;4;0,0025
O01H;Z35.1;4;0,0128;4;0,0025
O60C;Z37.0;319;0,9969;363;0,1934
O60C;O09.6;272;0,85;278;0,1481
O60C;O63.1;130;0,4063;135;0,0719
O60C;O62.1;128;0,40;129;0,0687
O60C;O68.0;124;0,3875;125;0,0666
O60C;O48;55;0,1719;56;0,0298
O60C;O80;53;0,1656;54;0,0288
O60C;O70.1;46;0,1438;46;0,0245
O60C;O99.0;46;0,1438;46;0,0245
O60C;O71.8;41;0,1281;41;0,0218
O60C;O70.0;39;0,1219;40;0,0213
O60C;O09.7;36;0,1125;36;0,0192
O60C;O42.0;35;0,1094;35;0,0186
O60C;O69.1;31;0,0969;31;0,0165
O60C;O23.5;28;0,0875;28;0,0149
O60C;O24.4;26;0,0813;29;0,0155
O60C;O70.2;25;0,0781;27;0,0144
O60C;O68.2;21;0,0656;22;0,0117
O60C;O42.11;21;0,0656;21;0,0112
O60C;O69.8;21;0,0656;21;0,0112
O60C;O36.5;18;0,0563;18;0,0096
O60C;O99.2;17;0,0531;17;0,0091
O60C;O71.4;15;0,0469;15;0,008
O60C;O75.6;13;0,0406;14;0,0075
O60C;D50.9;13;0,0406;13;0,0069
O60C;O60.1;12;0,0375;13;0,0069
O60C;O75.7;12;0,0375;12;0,0064
O60C;O41.0;11;0,0344;12;0,0064
O60C;B95.1;11;0,0344;11;0,0059
O60C;O72.1;11;0,0344;11;0,0059
O60C;O81;11;0,0344;11;0,0059
O60C;O43.8;10;0,0313;11;0,0059
O60C;O13;10;0,0313;10;0,0053
O60C;D50.8;9;0,0281;9;0,0048
O60C;D62;9;0,0281;9;0,0048
O60C;O09.5;9;0,0281;9;0,0048
O60C;O68.1;9;0,0281;9;0,0048
O60C;O36.0;7;0,0219;7;0,0037
O60C;O69.2;6;0,0188;7;0,0037
O60C;O99.8;6;0,0188;7;0,0037
O60C;O63.0;5;0,0156;5;0,0027
O60C;O64.0;5;0,0156;5;0,0027
O60C;Z35.1;5;0,0156;5;0,0027
O60C;O92.10;4;0,0125;4;0,0021
O60D;Z37.0;1720;0,9994;1951;0,2452
O60D;O09.6;1585;0,921;1602;0,2014
O60D;O80;778;0,4521;849;0,1067
O60D;O62.1;285;0,1656;290;0,0365
O60D;O70.0;266;0,1546;298;0,0375
O60D;O99.0;257;0,1493;257;0,0323
O60D;O68.0;254;0,1476;272;0,0342
O60D;O70.1;211;0,1226;237;0,0298
O60D;O48;198;0,115;205;0,0258
O60D;O42.0;194;0,1127;215;0,027
O60D;O69.1;153;0,0889;155;0,0195
O60D;O09.7;134;0,0779;134;0,0168
O60D;O23.5;119;0,0691;121;0,0152
O60D;O69.8;93;0,054;93;0,0117
O60D;B95.1;91;0,0529;91;0,0114
O60D;O68.1;81;0,0471;83;0,0104
O60D;O71.8;78;0,0453;84;0,0106
O60D;D62;77;0,0447;77;0,0097
O60D;O81;73;0,0424;74;0,0093
O60D;D50.8;68;0,0395;68;0,0085
O60D;O71.4;63;0,0366;73;0,0092
O60D;O68.2;63;0,0366;67;0,0084
O60D;D50.9;62;0,036;62;0,0078
O60D;Z35.1;54;0,0314;54;0,0068
O60D;O36.0;47;0,0273;47;0,0059
O60D;O75.7;40;0,0232;41;0,0052
O60D;O92.10;38;0,0221;38;0,0048
O60D;O69.2;29;0,0169;37;0,0047
O60D;O72.1;20;0,0116;21;0,0026
O60D;D64.9;20;0,0116;20;0,0025
O60D;O87.2;19;0,011;19;0,0024
O60D;O92.50;18;0,0105;18;0,0023
O60D;O99.2;18;0,0105;18;0,0023
O60D;O64.0;17;0,0099;19;0,0024
O60D;O62.0;15;0,0087;15;0,0019
O60D;O69.3;13;0,0076;13;0,0016
O60D;E03.8;11;0,0064;11;0,0014
O60D;O34.2;11;0,0064;11;0,0014
O60D;O72.0;10;0,0058;11;0,0014
O60D;O42.9;9;0,0052;9;0,0011
O60D;O43.20;9;0,0052;9;0,0011
O60D;O68.3;8;0,0046;11;0,0014
O60D;O43.8;8;0,0046;10;0,0013
O60D;Z27.4;6;0,0035;6;0,0008
O60D;Z35.3;6;0,0035;6;0,0008
O60D;Z35.5;6;0,0035;6;0,0008
O60D;O26.88;5;0,0029;5;0,0006
O60D;O69.9;5;0,0029;5;0,0006
O60D;O72.2;5;0,0029;5;0,0006
O60D;Z35.4;5;0,0029;5;0,0006
O60D;K59.0;4;0,0023;4;0,0005
O60D;O66.0;4;0,0023;4;0,0005
O60D;O99.1;4;0,0023;4;0,0005
O60D;O99.4;4;0,0023;4;0,0005
O60D;O99.8;4;0,0023;4;0,0005
O60D;R55;4;0,0023;4;0,0005
O65B;O09.1;164;0,3497;166;0,1948
O65B;O09.4;108;0,2303;109;0,1279
O65B;O09.5;64;0,1365;65;0,0763
O65B;O09.2;56;0,1194;57;0,0669
O65B;O09.3;43;0,0917;43;0,0505
O65B;O09.6;26;0,0554;28;0,0329
O65B;Z03.8;22;0,0469;22;0,0258
O65B;O99.0;15;0,032;18;0,0211
O65B;O99.2;14;0,0299;20;0,0235
O65B;R10.3;12;0,0256;12;0,0141
O65B;O34.38;11;0,0235;11;0,0129
O65B;R51;10;0,0213;15;0,0176
O65B;E03.9;7;0,0149;14;0,0164
O65B;K52.9;7;0,0149;10;0,0117
O65B;O60.0;7;0,0149;10;0,0117
O65B;A09.9;7;0,0149;9;0,0106
O65B;J06.9;6;0,0128;10;0,0117
O65B;R12;6;0,0128;8;0,0094
O65B;O21.0;6;0,0128;7;0,0082
O65B;O99.4;6;0,0128;7;0,0082
O65B;O23.4;6;0,0128;6;0,007
O65B;D50.9;5;0,0107;8;0,0094
O65B;O99.5;5;0,0107;8;0,0094
O65B;O26.81;4;0,0085;5;0,0059
O65B;R10.1;4;0,0085;5;0,0059
O65B;D64.9;4;0,0085;4;0,0047
O65B;E03.8;4;0,0085;4;0,0047
O65B;Z74.0;4;0,0085;4;0,0047
O65B;Z88.8;4;0,0085;4;0,0047
P60C;Z38.0;105;0,9052;111;0,6529
P60C;P07.3;5;0,0431;5;0,0294
P60C;P07.12;4;0,0345;5;0,0294
P60C;P92.2;4;0,0345;4;0,0235
P66D;Z38.0;50;0,463;52;0,50
P66D;Z38.3;11;0,1019;11;0,1058
P66D;P05.1;10;0,0926;10;0,0962
P66D;P70.4;9;0,0833;9;0,0865
P66D;P07.12;6;0,0556;6;0,0577
P67C;Z38.0;149;0,9198;156;0,5493
P67C;P70.4;13;0,0802;13;0,0458
P67C;P59.9;9;0,0556;10;0,0352
P67C;P70.0;6;0,037;6;0,0211
P67C;P80.8;6;0,037;6;0,0211
P67C;Q38.1;5;0,0309;6;0,0211
P67C;P07.3;5;0,0309;5;0,0176
P67C;P08.1;4;0,0247;4;0,0141
P67C;P08.2;4;0,0247;4;0,0141
P67C;P39.9;4;0,0247;4;0,0141
P67C;P59.8;4;0,0247;4;0,0141
P67D;Z38.0;292;0,084;308;0,686
P67D;P70.4;16;0,0046;16;0,0356
P67D;P92.2;10;0,0029;11;0,0245
P67D;P92.5;6;0,0017;7;0,0156
P67D;P08.2;6;0,0017;6;0,0134
P67D;Z24.6;5;0,0014;7;0,0156
P67D;Z03.8;5;0,0014;5;0,0111
P67D;Z52.01;5;0,0014;5;0,0111
P67D;B95.2;4;0,0012;7;0,0156
P67D;Z83.3;4;0,0012;4;0,0089
